Date,BTC
1-10-2013,123.65499
2-10-2013,125.455
3-10-2013,108.58483
4-10-2013,118.67466
5-10-2013,121.33866
6-10-2013,120.65533
7-10-2013,121.795
8-10-2013,123.033
9-10-2013,124.049
10-10-2013,125.96116
11-10-2013,125.27966
12-10-2013,125.9275
13-10-2013,126.38333
14-10-2013,135.24199
15-10-2013,133.20333
16-10-2013,142.76333
17-10-2013,137.92333
18-10-2013,142.95166
19-10-2013,152.55183
20-10-2013,160.33883
21-10-2013,164.31499
22-10-2013,177.63333
23-10-2013,188.29716
24-10-2013,200.70166
25-10-2013,180.355
26-10-2013,175.03166
27-10-2013,177.6965
28-10-2013,187.15983
29-10-2013,192.75666
30-10-2013,197.4
31-10-2013,196.02499
1-11-2013,198.04883
2-11-2013,198.93233
3-11-2013,200.543
4-11-2013,210.3075
5-11-2013,225.02
6-11-2013,248.25333
7-11-2013,262.32666
8-11-2013,294.48699
9-11-2013,331.10325
10-11-2013,285.8875
11-11-2013,304.97974
12-11-2013,338.137
13-11-2013,357.48
14-11-2013,402.954
15-11-2013,409.10375
16-11-2013,420.21649
17-11-2013,437.29725
18-11-2013,510.6025
19-11-2013,693.65
20-11-2013,531.54249
21-11-2013,574.71599
22-11-2013,681.33
23-11-2013,774.18
24-11-2013,746.19374
25-11-2013,768.8475
26-11-2013,789.36475
27-11-2013,893.1815
28-11-2013,934.355
29-11-2013,1068.363
30-11-2013,1154.92593
1-12-2013,1099.51926
2-12-2013,1019.78966
3-12-2013,1028.845
4-12-2013,1071.2848
5-12-2013,1139.33083
6-12-2013,1004.61633
7-12-2013,759.43041
8-12-2013,689.81
9-12-2013,841.83966
10-12-2013,916.77599
11-12-2013,967.42866
12-12-2013,866.29003
13-12-2013,911.23204
14-12-2013,889.81946
15-12-2013,848.9975
16-12-2013,868.95316
17-12-2013,653.80483
18-12-2013,654.06266
19-12-2013,553.69166
20-12-2013,693.05883
21-12-2013,649.38965
22-12-2013,595.95883
23-12-2013,647.68316
24-12-2013,671.58116
25-12-2013,659.84333
26-12-2013,702.00083
27-12-2013,758.01016
28-12-2013,734.01166
29-12-2013,717.92623
30-12-2013,752.82022
31-12-2013,744.17249
1-1-2014,768.40783
2-1-2014,769.09849
3-1-2014,804.02719
4-1-2014,813.31748
5-1-2014,871.11583
6-1-2014,970.65083
7-1-2014,962.46447
8-1-2014,855.75933
9-1-2014,860.84166
10-1-2014,847.5325
11-1-2014,892.26115
12-1-2014,916.69666
13-1-2014,873.27168
14-1-2014,863.69888
15-1-2014,853.25666
16-1-2014,874.07416
17-1-2014,842.19173
18-1-2014,834.86666
19-1-2014,838.42916
20-1-2014,881.87583
21-1-2014,873.28916
22-1-2014,874.13266
23-1-2014,864.56116
24-1-2014,838.14997
25-1-2014,834.57416
26-1-2014,858.12641
27-1-2014,887.08337
28-1-2014,830.53133
29-1-2014,832.89496
30-1-2014,832.87399
31-1-2014,841.48914
1-2-2014,847.36383
2-2-2014,854.7225
3-2-2014,856.03366
4-2-2014,847.70697
5-2-2014,844.28836
6-2-2014,802.75333
7-2-2014,748.43559
8-2-2014,692.66914
9-2-2014,668.86463
10-2-2014,700.44843
11-2-2014,694.3125
12-2-2014,665.7975
13-2-2014,645.615
14-2-2014,578.4125
15-2-2014,641.91
16-2-2014,656.2725
17-2-2014,611.04499
18-2-2014,634.99
19-2-2014,618.79
20-2-2014,619.8425
21-2-2014,545.7625
22-2-2014,561.535
23-2-2014,622.22
24-2-2014,572.7675
25-2-2014,501.155
26-2-2014,550.6025
27-2-2014,573.1025
28-2-2014,567.2925
1-3-2014,551.73
2-3-2014,560.195
3-3-2014,567.7
4-3-2014,666.1475
5-3-2014,660.84
6-3-2014,662.0225
7-3-2014,651.285
8-3-2014,612.33
9-3-2014,611.1625
10-3-2014,637.615
11-3-2014,626
12-3-2014,633.74749
13-3-2014,631.755
14-3-2014,636.41414
15-3-2014,628.18751
16-3-2014,632.95333
17-3-2014,630.34833
18-3-2014,617.24333
19-3-2014,616.86665
20-3-2014,601.015
21-3-2014,581.33333
22-3-2014,570.36168
23-3-2014,562.95333
24-3-2014,557.16833
25-3-2014,573.34998
26-3-2014,572.49161
27-3-2014,570.54833
28-3-2014,509.70665
29-3-2014,499.24998
30-3-2014,486.80845
31-3-2014,472.4783
1-4-2014,464.88
2-4-2014,480.16581
3-4-2014,427.87498
4-4-2014,432.99716
5-4-2014,453.87148
6-4-2014,462.445
7-4-2014,456.46948
8-4-2014,452.81
9-4-2014,450.48083
10-4-2014,426.98333
11-4-2014,374.59166
12-4-2014,438.24666
13-4-2014,423.51566
14-4-2014,409.03166
15-4-2014,455.28316
16-4-2014,517.09666
17-4-2014,522.455
18-4-2014,490.8785
19-4-2014,469.38332
20-4-2014,507.80663
21-4-2014,505.09665
22-4-2014,497.65001
23-4-2014,487.84
24-4-2014,487.11333
25-4-2014,469.08816
26-4-2014,448.77834
27-4-2014,452.14829
28-4-2014,426.78166
29-4-2014,432.60498
30-4-2014,444.85668
1-5-2014,454.55666
2-5-2014,453.59833
3-5-2014,441.97833
4-5-2014,438.29035
5-5-2014,432.78748
6-5-2014,418.61831
7-5-2014,428.42593
8-5-2014,442.57666
9-5-2014,439.04
10-5-2014,449.04333
11-5-2014,449.74166
12-5-2014,434.27
13-5-2014,437
14-5-2014,438.88
15-5-2014,445.045
16-5-2014,443.18
17-5-2014,445.60666
18-5-2014,445.15666
19-5-2014,444.73833
20-5-2014,455.65333
21-5-2014,489.86999
22-5-2014,490.18666
23-5-2014,522.31
24-5-2014,512.30833
25-5-2014,533.92999
26-5-2014,579.59333
27-5-2014,581.51
28-5-2014,572.44833
29-5-2014,562.4
30-5-2014,571.845
31-5-2014,612.12666
1-6-2014,638.16333
2-6-2014,634.98333
3-6-2014,660.24666
4-6-2014,627.79833
5-6-2014,642.89166
6-6-2014,652.52666
7-6-2014,648.60166
8-6-2014,652.59166
9-6-2014,652.11
10-6-2014,644.085
11-6-2014,642.00666
12-6-2014,632.55
13-6-2014,585.48333
14-6-2014,588.52333
15-6-2014,570.28833
16-6-2014,589.06666
17-6-2014,592.25666
18-6-2014,610.41333
19-6-2014,601.88666
20-6-2014,594.09333
21-6-2014,582.04499
22-6-2014,599.57
23-6-2014,592.405
24-6-2014,584.64166
25-6-2014,575.905
26-6-2014,571.76666
27-6-2014,582.43166
28-6-2014,597.66833
29-6-2014,598.73333
30-6-2014,597.51333
1-7-2014,647.12249
2-7-2014,637.85625
3-7-2014,642.65125
4-7-2014,643.95124
5-7-2014,628.41625
6-7-2014,631.03
7-7-2014,631.29875
8-7-2014,621.24249
9-7-2014,620.72
10-7-2014,621.3075
11-7-2014,616.83124
12-7-2014,634.35749
13-7-2014,627.69
14-7-2014,621.42499
15-7-2014,618.73875
16-7-2014,619.8075
17-7-2014,614.68875
18-7-2014,623.49749
19-7-2014,623.99625
20-7-2014,623.00625
21-7-2014,617.96124
22-7-2014,622.10749
23-7-2014,618.4475
24-7-2014,617.6875
25-7-2014,602.93125
26-7-2014,597.585
27-7-2014,592.96375
28-7-2014,580.11
29-7-2014,585.44875
30-7-2014,580.5175
31-7-2014,564.57
1-8-2014,583.39
2-8-2014,593.80625
3-8-2014,581.52
4-8-2014,585.80125
5-8-2014,582.33375
6-8-2014,582.52125
7-8-2014,583.62375
8-8-2014,595.80875
9-8-2014,585.39625
10-8-2014,586.05875
11-8-2014,588.7525
12-8-2014,566.31625
13-8-2014,565.55125
14-8-2014,534.54
15-8-2014,511.4725
16-8-2014,487.56625
17-8-2014,516.62625
18-8-2014,489.4675
19-8-2014,455.91625
20-8-2014,472.91
21-8-2014,519.015
22-8-2014,508.12875
23-8-2014,507.51
24-8-2014,501.63125
25-8-2014,503.32125
26-8-2014,504.62625
27-8-2014,513.39125
28-8-2014,514.62375
29-8-2014,506.025
30-8-2014,504.70625
31-8-2014,502.055
1-9-2014,474.5425
2-9-2014,477.98375
3-9-2014,476.88375
4-9-2014,475.65
5-9-2014,485.65125
6-9-2014,480.9075
7-9-2014,481.88375
8-9-2014,473.58625
9-9-2014,468.5775
10-9-2014,474.29125
11-9-2014,479.4175
12-9-2014,473.6725
13-9-2014,471.5325
14-9-2014,475.37875
15-9-2014,475.02125
16-9-2014,471.08375
17-9-2014,464.55375
18-9-2014,449.95875
19-9-2014,425.4475
20-9-2014,410.08
21-9-2014,405.79625
22-9-2014,399.0975
23-9-2014,399.5025
24-9-2014,427.8125
25-9-2014,416.12
26-9-2014,410.15
27-9-2014,403.4975
28-9-2014,398.84
29-9-2014,377.97875
30-9-2014,376.08375
1-10-2014,387.94
2-10-2014,381.7475
3-10-2014,372.0575
4-10-2014,360.7525
5-10-2014,335.98125
6-10-2014,308.07875
7-10-2014,337.23375
8-10-2014,326.2325
9-10-2014,351.34625
10-10-2014,368.59625
11-10-2014,359.2025
12-10-2014,356.99875
13-10-2014,371.15625
14-10-2014,392.7825
15-10-2014,396.34625
16-10-2014,392.56625
17-10-2014,376.26875
18-10-2014,378.675
19-10-2014,390.95875
20-10-2014,381.72375
21-10-2014,380.0575
22-10-2014,382.93875
23-10-2014,376.59
24-10-2014,351.7825
25-10-2014,353.6325
26-10-2014,345.1925
27-10-2014,350.9775
28-10-2014,349.79625
29-10-2014,348.9025
30-10-2014,335.53625
31-10-2014,343.55875
1-11-2014,338.0105
2-11-2014,325.22633
3-11-2014,331.60083
4-11-2014,324.71833
5-11-2014,332.45666
6-11-2014,336.585
7-11-2014,346.775
8-11-2014,344.81166
9-11-2014,343.065
10-11-2014,358.50166
11-11-2014,368.07666
12-11-2014,376.99666
13-11-2014,442.10666
14-11-2014,389.00333
15-11-2014,394.92666
16-11-2014,377.08
17-11-2014,400.47166
18-11-2014,384.93
19-11-2014,375.83333
20-11-2014,376.16
21-11-2014,348.565
22-11-2014,352.42
23-11-2014,356.8
24-11-2014,367.83
25-11-2014,381.20666
26-11-2014,375.498
27-11-2014,372.819
28-11-2014,368.983
29-11-2014,375.44
30-11-2014,376.851
1-12-2014,376.13218
2-12-2014,377.862
3-12-2014,382.452
4-12-2014,376.382
5-12-2014,368.3618
6-12-2014,373.414
7-12-2014,373.744
8-12-2014,373.155
9-12-2014,357.884
10-12-2014,348.898
11-12-2014,341.041
12-12-2014,348.272
13-12-2014,346.742
14-12-2014,347.348
15-12-2014,348.674
16-12-2014,338.547
17-12-2014,330.536
18-12-2014,317.405
19-12-2014,306.45999
20-12-2014,319.196
21-12-2014,321.89299
22-12-2014,320.03499
23-12-2014,328.701
24-12-2014,332.053
25-12-2014,321.386
26-12-2014,318.563
27-12-2014,320.868
28-12-2014,316.009
29-12-2014,315.64
30-12-2014,313.994
31-12-2014,309.903
1-1-2015,317.204
2-1-2015,314.49899
3-1-2015,311.14099
4-1-2015,277.853
5-1-2015,270.813
6-1-2015,272.0175
7-1-2015,283.84125
8-1-2015,290.485
9-1-2015,281.03625
10-1-2015,286.688
11-1-2015,277.64999
12-1-2015,268.10199
13-1-2015,243.081
14-1-2015,219.128
15-1-2015,193.3511
16-1-2015,220.5745
17-1-2015,209.1655
18-1-2015,195.59467
19-1-2015,212.2711
20-1-2015,211.5401
21-1-2015,212.28249
22-1-2015,230.6754
23-1-2015,226.30419
24-1-2015,231.4242
25-1-2015,251.606
26-1-2015,283.59769
27-1-2015,258.5374
28-1-2015,257.447
29-1-2015,235.948
30-1-2015,233.141
31-1-2015,226.94116
1-2-2015,216.66066
2-2-2015,229.80441
3-2-2015,237.65175
4-2-2015,225.83858
5-2-2015,226.554
6-2-2015,219.75625
7-2-2015,225.46666
8-2-2015,225.73291
9-2-2015,222.78408
10-2-2015,220.16725
11-2-2015,223.00366
12-2-2015,218.72833
13-2-2015,223.96716
14-2-2015,237.65716
15-2-2015,256.21758
16-2-2015,230.1355
17-2-2015,235.71275
18-2-2015,242.93183
19-2-2015,237.1035
20-2-2015,241.07183
21-2-2015,245.70566
22-2-2015,245.145
23-2-2015,235.14141
24-2-2015,238.93183
25-2-2015,238.15225
26-2-2015,235.67716
27-2-2015,251.28908
28-2-2015,251.03416
1-3-2015,251.9314
2-3-2015,258.8485
3-3-2015,270.7625
4-3-2015,278.1172
5-3-2015,269.2606
6-3-2015,274.8977
7-3-2015,270.86109
8-3-2015,276.72789
9-3-2015,277.98519
10-3-2015,294.1886
11-3-2015,289.7149
12-3-2015,292.8678
13-3-2015,293.224
14-3-2015,282.644
15-3-2015,283.0809
16-3-2015,290.61579
17-3-2015,290.542
18-3-2015,283.7507
19-3-2015,252.44789
20-3-2015,263.4741
21-3-2015,259.913
22-3-2015,259.3943
23-3-2015,267.5549
24-3-2015,265.273
25-3-2015,246.6733
26-3-2015,245.6489
27-3-2015,246.5497
28-3-2015,248.4467
29-3-2015,246.728
30-3-2015,245.1133
31-3-2015,247.2639
1-4-2015,243.3028
2-4-2015,246.96
3-4-2015,252.0578
4-4-2015,253.4334
5-4-2015,252.0256
6-4-2015,260.3589
7-4-2015,252.0909
8-4-2015,252.8629
9-4-2015,244.0449
10-4-2015,240.9478
11-4-2015,236.4388
12-4-2015,236.5542
13-4-2015,235.522
14-4-2015,222.6009
15-4-2015,220.9126
16-4-2015,226.0171
17-4-2015,227.9255
18-4-2015,223.317
19-4-2015,223.4062
20-4-2015,223.9214
21-4-2015,224.9815
22-4-2015,235.50369
23-4-2015,234.15749
24-4-2015,233.40079
25-4-2015,228.92379
26-4-2015,219.94549
27-4-2015,219.19029
28-4-2015,227.3867
29-4-2015,225.3545
30-4-2015,225.9976
1-5-2015,236.6827
2-5-2015,233.8511
3-5-2015,236.2378
4-5-2015,240.3646
5-5-2015,235.6033
6-5-2015,235.6017
7-5-2015,230.4207
8-5-2015,237.059
9-5-2015,244.6989
10-5-2015,241.516
11-5-2015,239.4036
12-5-2015,240.00079
13-5-2015,241.3529
14-5-2015,235.5478
15-5-2015,237.5737
16-5-2015,236.657
17-5-2015,236.339
18-5-2015,236.2319
19-5-2015,233.3119
20-5-2015,232.7193
21-5-2015,234.204
22-5-2015,235.86329
23-5-2015,240.1588
24-5-2015,239.7985
25-5-2015,240.9415
26-5-2015,237.6588
27-5-2015,237.1844
28-5-2015,237.6708
29-5-2015,237.2277
30-5-2015,236.1404
31-5-2015,233.3328
1-6-2015,230.8331
2-6-2015,223.415
3-6-2015,226.6168
4-6-2015,225.444
5-6-2015,223.9665
6-6-2015,224.2525
7-6-2015,225.8403
8-6-2015,223.69459
9-6-2015,228.1884
10-6-2015,229.2025
11-6-2015,229.9599
12-6-2015,229.9082
13-6-2015,230.6695
14-6-2015,233.1445
15-6-2015,234.7473
16-6-2015,237.39899
17-6-2015,248.7435
18-6-2015,247.2359
19-6-2015,249.0733
20-6-2015,240.7897
21-6-2015,244.15625
22-6-2015,244.9588
23-6-2015,247.1273
24-6-2015,243.371
25-6-2015,240.9204
26-6-2015,242.31912
27-6-2015,242.28812
28-6-2015,250.382
29-6-2015,249.42725
30-6-2015,258.38549
1-7-2015,261.71749
2-7-2015,259.62937
3-7-2015,255.52675
4-7-2015,253.87887
5-7-2015,261.42899
6-7-2015,267.60762
7-7-2015,270.07587
8-7-2015,264.356
9-7-2015,267.943
10-7-2015,269.24925
11-7-2015,286.53662
12-7-2015,301.03837
13-7-2015,304.9905
14-7-2015,290.93137
15-7-2015,288.48787
16-7-2015,287.55762
17-7-2015,276.97924
18-7-2015,278.33337
19-7-2015,275.30687
20-7-2015,274.28387
21-7-2015,279.45925
22-7-2015,274.87242
23-7-2015,276.2095
24-7-2015,276.24491
25-7-2015,287.55583
26-7-2015,287.83983
27-7-2015,291.20091
28-7-2015,293.15058
29-7-2015,292.99425
30-7-2015,288.61658
31-7-2015,286.74491
1-8-2015,282.33741
2-8-2015,278.68258
3-8-2015,279.48591
4-8-2015,283.49091
5-8-2015,284.24366
6-8-2015,280.9375
7-8-2015,275.92866
8-8-2015,278.2765
9-8-2015,261.75225
10-8-2015,265.0825
11-8-2015,264.87516
12-8-2015,270.22325
13-8-2015,264.14299
14-8-2015,262.01758
15-8-2015,265.3955
16-8-2015,261.20058
17-8-2015,258.0065
18-8-2015,256.44841
19-8-2015,230.38424
20-8-2015,232.06483
21-8-2015,234.56375
22-8-2015,233.03691
23-8-2015,231.21275
24-8-2015,227.23233
25-8-2015,203.18133
26-8-2015,219.81583
27-8-2015,224.53608
28-8-2015,224.18875
29-8-2015,230.93575
30-8-2015,230.58541
31-8-2015,227.18083
1-9-2015,229.02966
2-9-2015,226.28841
3-9-2015,228.35299
4-9-2015,227.14741
5-9-2015,229.66691
6-9-2015,240.70116
7-9-2015,239.88
8-9-2015,242.01891
9-9-2015,244.31383
10-9-2015,237.99466
11-9-2015,240.56366
12-9-2015,239.81675
13-9-2015,235.053
14-9-2015,229.15808
15-9-2015,230.51091
16-9-2015,230.98066
17-9-2015,229.58975
18-9-2015,233.2385
19-9-2015,232.50008
20-9-2015,231.33733
21-9-2015,230.75433
22-9-2015,227.79358
23-9-2015,231.30983
24-9-2015,231.09508
25-9-2015,233.74475
26-9-2015,234.92466
27-9-2015,234.32908
28-9-2015,237.21116
29-9-2015,238.56625
30-9-2015,238.06125
1-10-2015,237.15191
2-10-2015,238.06358
3-10-2015,237.63516
4-10-2015,238.99883
5-10-2015,238.82433
6-10-2015,240.63075
7-10-2015,246.49633
8-10-2015,244.49816
9-10-2015,243.25675
10-10-2015,244.96533
11-10-2015,245.07
12-10-2015,247.65041
13-10-2015,244.57641
14-10-2015,249.45908
15-10-2015,254.64216
16-10-2015,255.72741
17-10-2015,267.53983
18-10-2015,270.04041
19-10-2015,264.98625
20-10-2015,264.92575
21-10-2015,270.49541
22-10-2015,267.46908
23-10-2015,274.25325
24-10-2015,279.97908
25-10-2015,286.86941
26-10-2015,284.286
27-10-2015,287.83091
28-10-2015,300.53566
29-10-2015,304.32691
30-10-2015,326.55691
31-10-2015,327.58425
1-11-2015,311.70274
2-11-2015,325.64666
3-11-2015,369.51133
4-11-2015,432.46133
5-11-2015,434.31683
6-11-2015,359.586
7-11-2015,377.64099
8-11-2015,387.775
9-11-2015,370.652
10-11-2015,376.948
11-11-2015,311.702
12-11-2015,320.036
13-11-2015,337.893
14-11-2015,334.125
15-11-2015,333.951
16-11-2015,320.06
17-11-2015,337.759
18-11-2015,333.33299
19-11-2015,334.02499
20-11-2015,315.63099
21-11-2015,321.482
22-11-2015,326.365
23-11-2015,322.606
24-11-2015,320.993
25-11-2015,318.337
26-11-2015,332.471
27-11-2015,349.138
28-11-2015,354.954
29-11-2015,356.806
30-11-2015,375.204
1-12-2015,377.798
2-12-2015,352.128
3-12-2015,366.788
4-12-2015,358.443
5-12-2015,369.956
6-12-2015,394.861
7-12-2015,391.618
8-12-2015,395.59299
9-12-2015,421.424
10-12-2015,415.076
11-12-2015,421.813
12-12-2015,467.831
13-12-2015,435.091
14-12-2015,437.021
15-12-2015,453.676
16-12-2015,445.805
17-12-2015,451.102
18-12-2015,456.425
19-12-2015,464.218
20-12-2015,460.238
21-12-2015,435.64099
22-12-2015,438.276
23-12-2015,437.994
24-12-2015,456.572
25-12-2015,455.743
26-12-2015,447.606
27-12-2015,419.338
28-12-2015,427.817
29-12-2015,422.741
30-12-2015,431.029
31-12-2015,424.962
1-1-2016,432.358
2-1-2016,433.773
3-1-2016,431.985
4-1-2016,431.691
5-1-2016,433.732
6-1-2016,427.164
7-1-2016,441.021
8-1-2016,457.168
9-1-2016,452.368
10-1-2016,445.327
11-1-2016,450.312
12-1-2016,446.614
13-1-2016,431.156
14-1-2016,431.41
15-1-2016,416.29
16-1-2016,372.737
17-1-2016,383.138
18-1-2016,380.817
19-1-2016,382.738
20-1-2016,378.775
21-1-2016,417.439
22-1-2016,403.271
23-1-2016,388.219
24-1-2016,388.538
25-1-2016,397.885
26-1-2016,390.715
27-1-2016,392.389
28-1-2016,381.356
29-1-2016,369.133
30-1-2016,376.952
31-1-2016,378.174
1-2-2016,372.157
2-2-2016,372.453
3-2-2016,372.762
4-2-2016,370.433
5-2-2016,386.954
6-2-2016,377.889
7-2-2016,376.44
8-2-2016,376.924
9-2-2016,372.434
10-2-2016,374.764
11-2-2016,379.186
12-2-2016,378.576
13-2-2016,388.87
14-2-2016,397.23
15-2-2016,405.621
16-2-2016,401.663
17-2-2016,407.017
18-2-2016,417.492
19-2-2016,421.956
20-2-2016,422.054
21-2-2016,439.61
22-2-2016,436.14
23-2-2016,438.745
24-2-2016,419.896
25-2-2016,422.617
26-2-2016,421.244
27-2-2016,433.401
28-2-2016,425.502
29-2-2016,438.28
1-3-2016,436.426
2-3-2016,434.001
3-3-2016,419.254
4-3-2016,421.597
5-3-2016,407.722
6-3-2016,397.883
7-3-2016,407.276
8-3-2016,414.213
9-3-2016,410.739
10-3-2016,411.672
11-3-2016,416.708
12-3-2016,415.04
13-3-2016,411.637
14-3-2016,414.208
15-3-2016,416.034
16-3-2016,414.167
17-3-2016,417.138
18-3-2016,417.154
19-3-2016,407.473
20-3-2016,409.24
21-3-2016,407.496
22-3-2016,415.125
23-3-2016,417.318
24-3-2016,415.837
25-3-2016,414.75699
26-3-2016,416.851
27-3-2016,416.233
28-3-2016,424.297
29-3-2016,423.597
30-3-2016,414.613
31-3-2016,414.458
1-4-2016,416.012
2-4-2016,418.785
3-4-2016,418.93999
4-4-2016,418.593
5-4-2016,422.044
6-4-2016,422.29499
7-4-2016,420.553
8-4-2016,421.616
9-4-2016,415.751
10-4-2016,418.078
11-4-2016,421.192
12-4-2016,426.383
13-4-2016,426.84399
14-4-2016,425.494
15-4-2016,426.279
16-4-2016,429.775
17-4-2016,430.453
18-4-2016,429.318
19-4-2016,428.522
20-4-2016,435.926
21-4-2016,443.758
22-4-2016,446.776
23-4-2016,447.233
24-4-2016,455.152
25-4-2016,458.626
26-4-2016,464.429
27-4-2016,466.064
28-4-2016,441.304
29-4-2016,446.236
30-4-2016,454.375
1-5-2016,449.108
2-5-2016,453.067
3-5-2016,443.681
4-5-2016,449.157
5-5-2016,447.73999
6-5-2016,447.58599
7-5-2016,458.864
8-5-2016,459.937
9-5-2016,458.708
10-5-2016,460.954
11-5-2016,454.39399
12-5-2016,451.155
13-5-2016,453.701
14-5-2016,456.039
15-5-2016,456.093
16-5-2016,457.64099
17-5-2016,454.278
18-5-2016,454.064
19-5-2016,453.494
20-5-2016,440.231
21-5-2016,442.953
22-5-2016,442.892
23-5-2016,440.551
24-5-2016,444.489
25-5-2016,447.035
26-5-2016,448.278
27-5-2016,467.262
28-5-2016,489.847
29-5-2016,516.051
30-5-2016,529.917
31-5-2016,537.23299
1-6-2016,528.04999
2-6-2016,538.568
3-6-2016,537.185
4-6-2016,571.139
5-6-2016,579.343
6-6-2016,578.84899
7-6-2016,585.399
8-6-2016,576.226
9-6-2016,580.43599
10-6-2016,574.953
11-6-2016,583.87
12-6-2016,633.205
13-6-2016,682.226
14-6-2016,695.155
15-6-2016,685.442
16-6-2016,732.357
17-6-2016,773.25
18-6-2016,736.386
19-6-2016,747.831
20-6-2016,758.903
21-6-2016,702.696
22-6-2016,657.013
23-6-2016,581.249
24-6-2016,657.08999
25-6-2016,687.168
26-6-2016,657.22399
27-6-2016,644.091
28-6-2016,655.94399
29-6-2016,634.357
30-6-2016,635.093
1-7-2016,683.293
2-7-2016,678.567
3-7-2016,690.179
4-7-2016,670.741
5-7-2016,679.351
6-7-2016,676.872
7-7-2016,671.814
8-7-2016,640.476
9-7-2016,654.85299
10-7-2016,649.356
11-7-2016,656.747
12-7-2016,648.136
13-7-2016,663.443
14-7-2016,654.018
15-7-2016,663.638
16-7-2016,666.56499
17-7-2016,665.113
18-7-2016,681.239
19-7-2016,673.832
20-7-2016,673.008
21-7-2016,662.034
22-7-2016,666.747
23-7-2016,654.725
24-7-2016,654.895
25-7-2016,660.284
26-7-2016,655.418
27-7-2016,650.82899
28-7-2016,656.91599
29-7-2016,655.427
30-7-2016,656.681
31-7-2016,635.588
1-8-2016,621.37299
2-8-2016,601.227
3-8-2016,555.926
4-8-2016,578.52374
5-8-2016,570.33875
6-8-2016,574.87375
7-8-2016,588.51625
8-8-2016,589.66125
9-8-2016,586.715
10-8-2016,585.23875
11-8-2016,594.81625
12-8-2016,581.9625
13-8-2016,584.87375
14-8-2016,581.65
15-8-2016,571.9625
16-8-2016,567.60749
17-8-2016,575.54125
18-8-2016,572.37249
19-8-2016,573.01625
20-8-2016,573.08
21-8-2016,581.35375
22-8-2016,579.6675
23-8-2016,585.5075
24-8-2016,577.98749
25-8-2016,574.5825
26-8-2016,575.0625
27-8-2016,575.3425
28-8-2016,568.78875
29-8-2016,574.49749
30-8-2016,571.94125
31-8-2016,573.78125
1-9-2016,572.96
2-9-2016,570.1
3-9-2016,572.52125
4-9-2016,596.45375
5-9-2016,606.0525
6-9-2016,604.465
7-9-2016,609.4325
8-9-2016,613.67499
9-9-2016,623.6
10-9-2016,620.59875
11-9-2016,622.03375
12-9-2016,604.8275
13-9-2016,607.03625
14-9-2016,606.885
15-9-2016,606.8975
16-9-2016,605.52125
17-9-2016,606.04625
18-9-2016,605.08
19-9-2016,609.37249
20-9-2016,606.7175
21-9-2016,595.93375
22-9-2016,596.225
23-9-2016,595.0175
24-9-2016,602.4075
25-9-2016,601.36875
26-9-2016,598.9075
27-9-2016,605.0175
28-9-2016,602.885
29-9-2016,603.58124
30-9-2016,604.52125
1-10-2016,610.58375
2-10-2016,613.23749
3-10-2016,611.88874
4-10-2016,609.495
5-10-2016,608.125
6-10-2016,610.57
7-10-2016,610.23375
8-10-2016,617.445
9-10-2016,614.59625
10-10-2016,615.91625
11-10-2016,618.3275
12-10-2016,637.21624
13-10-2016,637.73625
14-10-2016,635.88375
15-10-2016,638.975
16-10-2016,638.605
17-10-2016,636.635
18-10-2016,637.01625
19-10-2016,634.605
20-10-2016,626.36875
21-10-2016,629.61249
22-10-2016,630.61875
23-10-2016,650.895
24-10-2016,647.69375
25-10-2016,652.235
26-10-2016,657.05625
27-10-2016,684.3775
28-10-2016,684.2975
29-10-2016,700.135
30-10-2016,704.91
31-10-2016,693.89625
1-11-2016,708.955
2-11-2016,725.6925
3-11-2016,741.84875
4-11-2016,701.21875
5-11-2016,702.175
6-11-2016,705.47875
7-11-2016,705.47125
8-11-2016,706.13375
9-11-2016,728.36125
10-11-2016,719.2525
11-11-2016,714.57125
12-11-2016,715.7725
13-11-2016,694.72125
14-11-2016,704.62125
15-11-2016,711.39625
16-11-2016,710.9275
17-11-2016,745.92625
18-11-2016,738.665
19-11-2016,748.8075
20-11-2016,752.5525
21-11-2016,730.365
22-11-2016,734.84
23-11-2016,745.97875
24-11-2016,739.81875
25-11-2016,730.3125
26-11-2016,737.4025
27-11-2016,727.445
28-11-2016,731.9
29-11-2016,731.12625
30-11-2016,731.64
1-12-2016,744.1025
2-12-2016,766.5925
3-12-2016,769.915
4-12-2016,764.3575
5-12-2016,760.1
6-12-2016,754.82625
7-12-2016,758.35375
8-12-2016,763.23625
9-12-2016,766.8725
10-12-2016,773.2825
11-12-2016,765.9525
12-12-2016,769.8275
13-12-2016,774.38625
14-12-2016,778.35625
15-12-2016,776.9825
16-12-2016,776.415
17-12-2016,786.9725
18-12-2016,789.24625
19-12-2016,791
20-12-2016,789.2325
21-12-2016,805.79625
22-12-2016,842.63875
23-12-2016,910.9325
24-12-2016,910.2475
25-12-2016,870.13125
26-12-2016,905.45625
27-12-2016,900.36625
28-12-2016,948.89875
29-12-2016,971.645
30-12-2016,954.84375
31-12-2016,952.455
1-1-2017,964.325
2-1-2017,1009.97375
3-1-2017,1028.33375
4-1-2017,1047.09999
5-1-2017,1140.385
6-1-2017,985.93875
7-1-2017,837.83625
8-1-2017,923.52375
9-1-2017,889.33875
10-1-2017,905.22625
11-1-2017,910.60625
12-1-2017,772.66125
13-1-2017,784.89375
14-1-2017,820.68875
15-1-2017,821.19625
16-1-2017,830.74
17-1-2017,848.58125
18-1-2017,890.29375
19-1-2017,888.0625
20-1-2017,896.16375
21-1-2017,920.58875
22-1-2017,934.7775
23-1-2017,920.365
24-1-2017,912.2125
25-1-2017,898.55
26-1-2017,901.05
27-1-2017,912.84375
28-1-2017,919.795
29-1-2017,920.82875
30-1-2017,916.91125
31-1-2017,921.35125
1-2-2017,973.065
2-2-2017,982.8275
3-2-2017,1020.09
4-2-2017,1011.215
5-2-2017,1029.40124
6-2-2017,1019.3125
7-2-2017,1029.40875
8-2-2017,1067.70875
9-2-2017,1072.205
10-2-2017,974.95875
11-2-2017,997.2275
12-2-2017,1004.71375
13-2-2017,1004.85375
14-2-2017,994.58
15-2-2017,1003.59
16-2-2017,1018.41125
17-2-2017,1038.86625
18-2-2017,1058.315
19-2-2017,1052.84375
20-2-2017,1046.66249
21-2-2017,1079.5825
22-2-2017,1112.86375
23-2-2017,1122.515
24-2-2017,1193.501
25-2-2017,1182.429
26-2-2017,1139.848
27-2-2017,1189.366
28-2-2017,1189.94699
1-3-2017,1193.611
2-3-2017,1221.05
3-3-2017,1269.776
4-3-2017,1285.376
5-3-2017,1260.668
6-3-2017,1273.24699
7-3-2017,1280.30499
8-3-2017,1206.357
9-3-2017,1153.06
10-3-2017,1200.557
11-3-2017,1147.625
12-3-2017,1186.351
13-3-2017,1235.553
14-3-2017,1242.806
15-3-2017,1245.892
16-3-2017,1247.67099
17-3-2017,1126.08199
18-3-2017,1062.07
19-3-2017,1000.24599
20-3-2017,1036.226
21-3-2017,1065.481
22-3-2017,1091.333
23-3-2017,1036.099
24-3-2017,1013.844
25-3-2017,921.808
26-3-2017,962.508
27-3-2017,968.293
28-3-2017,1035.32199
29-3-2017,1011.969
30-3-2017,1041.374
31-3-2017,1048.86299
1-4-2017,1077.557
2-4-2017,1082.37
3-4-2017,1140.037
4-4-2017,1148.092
5-4-2017,1139.86
6-4-2017,1150.685
7-4-2017,1177.284
8-4-2017,1196.896
9-4-2017,1187.03299
10-4-2017,1213.801
11-4-2017,1206.74
12-4-2017,1226.896
13-4-2017,1216.269
14-4-2017,1187.136
15-4-2017,1186.10899
16-4-2017,1189.55
17-4-2017,1184.2
18-4-2017,1211.73799
19-4-2017,1218.666
20-4-2017,1227.981
21-4-2017,1261.702
22-4-2017,1255.25125
23-4-2017,1232.7575
24-4-2017,1243.43
25-4-2017,1251.5775
26-4-2017,1269.69625
27-4-2017,1289.7475
28-4-2017,1335.825
29-4-2017,1319.7
30-4-2017,1311.58874
1-5-2017,1370.79
2-5-2017,1416.61
3-5-2017,1448.88625
4-5-2017,1506.7725
5-5-2017,1543.31
6-5-2017,1536.1525
7-5-2017,1554.6025
8-5-2017,1564.065
9-5-2017,1644.72875
10-5-2017,1695.83125
11-5-2017,1748.35375
12-5-2017,1774.52
13-5-2017,1634.6075
14-5-2017,1774.805
15-5-2017,1747.04375
16-5-2017,1665.0325
17-5-2017,1744.44125
18-5-2017,1796.89625
19-5-2017,1913.13875
20-5-2017,1983.97875
21-5-2017,2074.69625
22-5-2017,2114.98875
23-5-2017,2196.66874
24-5-2017,2348.55249
25-5-2017,2581.85375
26-5-2017,2460.95375
27-5-2017,2232.2875
28-5-2017,2234.83374
29-5-2017,2195.785
30-5-2017,2315.73625
31-5-2017,2170.98124
1-6-2017,2402.125
2-6-2017,2477.1725
3-6-2017,2475.2975
4-6-2017,2526.31125
5-6-2017,2605.125
6-6-2017,2855.03
7-6-2017,2900.8525
8-6-2017,2737.9025
9-6-2017,2826.03875
10-6-2017,2846.00625
11-6-2017,2910.33625
12-6-2017,3007.0125
13-6-2017,2697.0775
14-6-2017,2780.1825
15-6-2017,2518.54875
16-6-2017,2438.61749
17-6-2017,2520.78375
18-6-2017,2680.1025
19-6-2017,2611.67999
20-6-2017,2667.5475
21-6-2017,2805.0975
22-6-2017,2702.00375
23-6-2017,2763.29125
24-6-2017,2740.5925
25-6-2017,2598.15875
26-6-2017,2630.59499
27-6-2017,2513.42999
28-6-2017,2556.1675
29-6-2017,2591.2675
30-6-2017,2547.3225
1-7-2017,2479.05499
2-7-2017,2424.69875
3-7-2017,2513.74125
4-7-2017,2640.06125
5-7-2017,2588.67875
6-7-2017,2634.17375
7-7-2017,2598.57
8-7-2017,2514.3625
9-7-2017,2586.0425
10-7-2017,2524.12624
11-7-2017,2352.265
12-7-2017,2292.91375
13-7-2017,2437.55375
14-7-2017,2337.67875
15-7-2017,2109.37375
16-7-2017,2045.5725
17-7-2017,1986.9425
18-7-2017,2189.23999
19-7-2017,2354.8925
20-7-2017,2349.355
21-7-2017,2740.56875
22-7-2017,2738.775
23-7-2017,2831.67875
24-7-2017,2772.3675
25-7-2017,2768.8025
26-7-2017,2540.20874
27-7-2017,2570.195
28-7-2017,2699.72125
29-7-2017,2719.69
30-7-2017,2714.70375
31-7-2017,2718.6175
1-8-2017,2867.65375
2-8-2017,2739.70875
3-8-2017,2740.07125
4-8-2017,2811.71
5-8-2017,3123.41125
6-8-2017,3254.71
7-8-2017,3274.6375
8-8-2017,3474.7625
9-8-2017,3416.185
10-8-2017,3364.41125
11-8-2017,3451.8525
12-8-2017,3705.43
13-8-2017,4104.015
14-8-2017,4036.7575
15-8-2017,4462.67625
16-8-2017,4118.9025
17-8-2017,4322.42125
18-8-2017,4311.685
19-8-2017,4180.23875
20-8-2017,4139.38125
21-8-2017,4110.94125
22-8-2017,3911.27625
23-8-2017,4162.79249
24-8-2017,4178.75625
25-8-2017,4396.03125
26-8-2017,4359.9025
27-8-2017,4381.39625
28-8-2017,4340.46
29-8-2017,4442.6575
30-8-2017,4664.64375
31-8-2017,4676.1425
1-9-2017,4783.17
2-9-2017,4864.285
3-9-2017,4672.56875
4-9-2017,4593.1825
5-9-2017,4160.535
6-9-2017,4517.57
7-9-2017,4543.1025
8-9-2017,4628.6025
9-9-2017,4280.975
10-9-2017,4194.21875
11-9-2017,4307.82625
12-9-2017,4295.76124
13-9-2017,3944.58375
14-9-2017,3817.0575
15-9-2017,3358.10875
16-9-2017,3772.68375
17-9-2017,3608.595
18-9-2017,3764.6175
19-9-2017,3976.3875
20-9-2017,3863.18625
21-9-2017,3827.685
22-9-2017,3690.99125
23-9-2017,3612.1625
24-9-2017,3772.8475
25-9-2017,3753.435
26-9-2017,3920.99125
27-9-2017,3939.515
28-9-2017,4220.28
29-9-2017,4062.20375
30-9-2017,4207.825
1-10-2017,4300.55125
2-10-2017,4414.1775
3-10-2017,4424.4725
4-10-2017,4307.555
5-10-2017,4186.78374
6-10-2017,4325.23625
7-10-2017,4370.16875
8-10-2017,4446.17249
9-10-2017,4624.34875
10-10-2017,4789.30125
11-10-2017,4741.70875
12-10-2017,4858.60499
13-10-2017,5728.5475
14-10-2017,5666.97875
15-10-2017,5779.07375
16-10-2017,5607.01
17-10-2017,5643.55375
18-10-2017,5495.03875
19-10-2017,5627.08625
20-10-2017,5686.52625
21-10-2017,6098.115
22-10-2017,5949.07875
23-10-2017,5969.795
24-10-2017,5649.005
25-10-2017,5550.85875
26-10-2017,5776.87875
27-10-2017,5923.70625
28-10-2017,5737.1025
29-10-2017,5741.7225
30-10-2017,6151.325
31-10-2017,6130.56375
1-11-2017,6424.515
2-11-2017,6879.365
3-11-2017,7199.2375
4-11-2017,7210.46875
5-11-2017,7376.7425
6-11-2017,7231.93
7-11-2017,7123.89375
8-11-2017,7356.50625
9-11-2017,7342.82375
10-11-2017,7250.77
11-11-2017,6773.695
12-11-2017,6075.30125
13-11-2017,5969.13
14-11-2017,6666.27125
15-11-2017,6867.42625
16-11-2017,7259.3
17-11-2017,7924.1825
18-11-2017,7598.2775
19-11-2017,7787.45625
20-11-2017,7954.7675
21-11-2017,7879.06
22-11-2017,8150.6325
23-11-2017,8208.75375
24-11-2017,8094.445
25-11-2017,8190.87125
26-11-2017,8851.305
27-11-2017,9573.9675
28-11-2017,9713.09625
29-11-2017,10295.6225
30-11-2017,10542.6625
1-12-2017,9706.10375
2-12-2017,10923.20125
3-12-2017,10973.54375
4-12-2017,11382.20875
5-12-2017,11597.23125
6-12-2017,12230.365
7-12-2017,13734.52
8-12-2017,16403.42125
9-12-2017,15732.1
10-12-2017,13152.52875
11-12-2017,16299.2975
12-12-2017,16374.8975
13-12-2017,16678.28749
14-12-2017,16246.13875
15-12-2017,17221.65125
16-12-2017,17436.5975
17-12-2017,19166.97874
18-12-2017,18640.2625
19-12-2017,18984.7675
20-12-2017,16862.57125
21-12-2017,16925.0175
22-12-2017,14182.46499
23-12-2017,14694.5825
24-12-2017,14103.21875
25-12-2017,13387.34875
26-12-2017,14652.3675
27-12-2017,15846.07375
28-12-2017,14362.40375
29-12-2017,14867.5725
30-12-2017,13643.695
31-12-2017,13062.145
1-1-2018,13439.4175
2-1-2018,13337.62125
3-1-2018,14881.545
4-1-2018,15104.45
5-1-2018,14953.8525
6-1-2018,16576.69625
7-1-2018,16735.10625
8-1-2018,15632.41125
9-1-2018,15242.93625
10-1-2018,14122.825
11-1-2018,13269.5975
12-1-2018,13633.36375
13-1-2018,14165.90625
14-1-2018,14217.3625
15-1-2018,13519.92625
16-1-2018,12915.11625
17-1-2018,10870.16875
18-1-2018,11340.65
19-1-2018,11137.36875
20-1-2018,11742.94125
21-1-2018,12486.06625
22-1-2018,11508.62
23-1-2018,10872.9025
24-1-2018,10830.9275
25-1-2018,11629.375
26-1-2018,11524.345
27-1-2018,11005.615
28-1-2018,11452.23
29-1-2018,11412.79375
30-1-2018,10917.15125
31-1-2018,9914.4725
1-2-2018,9970.30875
2-2-2018,8715.59499
3-2-2018,8285.50124
4-2-2018,9192.045
5-2-2018,8136.39
6-2-2018,6332.37
7-2-2018,7270.5075
8-2-2018,7987.28125
9-2-2018,8086.7725
10-2-2018,8930.13875
11-2-2018,8045.44
12-2-2018,8478.92499
13-2-2018,8766.8525
14-2-2018,8693.2525
15-2-2018,9659.2875
16-2-2018,10110.83875
17-2-2018,10474.77125
18-2-2018,10855.9375
19-2-2018,10537.00625
20-2-2018,11416.03875
21-2-2018,10928.02
22-2-2018,10727.9525
23-2-2018,9809.72125
24-2-2018,10412.36875
25-2-2018,9585.285
26-2-2018,9627.71625
27-2-2018,10272.9025
28-2-2018,10903.01875
1-3-2018,10352.04625
2-3-2018,11100.2925
3-3-2018,11305.1225
4-3-2018,11171.8175
5-3-2018,11558.475
6-3-2018,11246.7475
7-3-2018,10735.88625
8-3-2018,9552.75875
9-3-2018,8980.19249
10-3-2018,9251.2925
11-3-2018,8680.6075
12-3-2018,9433.47374
13-3-2018,9047.5125
14-3-2018,9260.70875
15-3-2018,7895.98875
16-3-2018,8039.6025
17-3-2018,8206.555
18-3-2018,7667.99
19-3-2018,8189.49125
20-3-2018,8597.3375
21-3-2018,9028.2975
22-3-2018,9023.7175
23-3-2018,8411.6525
24-3-2018,8881.98625
25-3-2018,8548.8125
26-3-2018,8429.33124
27-3-2018,7854.6375
28-3-2018,7863.255
29-3-2018,7866.36
30-3-2018,6861.325
31-3-2018,6970.36375
1-4-2018,6926.875
2-4-2018,6986.835
3-4-2018,7182.12
4-4-2018,7295.89
5-4-2018,6769.48375
6-4-2018,6766.5925
7-4-2018,6854.92125
8-4-2018,6964.4325
9-4-2018,7125.53875
10-4-2018,6789.2675
11-4-2018,6824.49375
12-4-2018,6941.63875
13-4-2018,7823.55875
14-4-2018,8040.88125
15-4-2018,8083.57375
16-4-2018,8160.4125
17-4-2018,8030.57
18-4-2018,7937.61
19-4-2018,8188.71875
20-4-2018,8333.81374
21-4-2018,8866.67
22-4-2018,8830.05875
23-4-2018,8868.16124
24-4-2018,9191.82
25-4-2018,9373.3025
26-4-2018,8807.515
27-4-2018,9153.64125
28-4-2018,9144.38375
29-4-2018,9444.1425
30-4-2018,9268.7175
1-5-2018,8949.87624
2-5-2018,9029.47875
3-5-2018,9228.8525
4-5-2018,9572.69875
5-5-2018,9817.5975
6-5-2018,9845.54375
7-5-2018,9326.76125
8-5-2018,9424.99124
9-5-2018,9039.02875
10-5-2018,9327.04999
11-5-2018,8920.25625
12-5-2018,8408.35875
13-5-2018,8442.23875
14-5-2018,8398.86249
15-5-2018,8711.38875
16-5-2018,8159.25625
17-5-2018,8360.22875
18-5-2018,7996.82125
19-5-2018,8237.3425
20-5-2018,8250.395
21-5-2018,8493.13125
22-5-2018,8324.025
23-5-2018,7951.51375
24-5-2018,7614.96375
25-5-2018,7599.9525
26-5-2018,7436.835
27-5-2018,7296.79625
28-5-2018,7383.2175
29-5-2018,7118.42375
30-5-2018,7491.61125
31-5-2018,7363.27625
1-6-2018,7490.62125
2-6-2018,7518.333329
3-6-2018,7630.403388
4-6-2018,7716.145068
5-6-2018,7505.589277
6-6-2018,7624.187971
7-6-2018,7658.57
8-6-2018,7684.93
9-6-2018,7618.11
10-6-2018,7495.1
11-6-2018,6770.31
12-6-2018,6780.340803
13-6-2018,6525.329182
14-6-2018,6321.655965
15-6-2018,6601.324158
16-6-2018,6397.44117
17-6-2018,6529.544015
18-6-2018,6482.868697
19-6-2018,6711.64967
20-6-2018,6731.710147
21-6-2018,6736.867721
22-6-2018,6729.925937
23-6-2018,6099.445277
24-6-2018,6198.700824
25-6-2018,6142.39257
26-6-2018,6244.328455
27-6-2018,6148.422705
28-6-2018,6140.1915
29-6-2018,5954.526582
30-6-2018,6189.309252
1-7-2018,6343.8922
2-7-2018,6373.277854
3-7-2018,6629.749595
4-7-2018,6482.830594
5-7-2018,6589.632793
6-7-2018,6538.682432
7-7-2018,6596.53
8-7-2018,6570.427592
9-7-2018,6744.988679
10-7-2018,6694.530851
11-7-2018,6364.38759
12-7-2018,6360.446668
13-7-2018,6144.810118
14-7-2018,6215.59
15-7-2018,6254.678129
16-7-2018,6366.349904
17-7-2018,6671.625919
18-7-2018,7315.55104
19-7-2018,7359.737018
20-7-2018,7484.63967
21-7-2018,7357.445677
22-7-2018,7424.734238
23-7-2018,7411.200525
24-7-2018,7730.24748
25-7-2018,8325.801534
26-7-2018,8271.59792
27-7-2018,7925.247396
28-7-2018,8254.277348
29-7-2018,8184.695535
30-7-2018,8201.89009
31-7-2018,8166.38836
1-8-2018,7700.834129
2-8-2018,7588.58618
3-8-2018,7547.314951
4-8-2018,7423.074378
5-8-2018,7396.041122
6-8-2018,7411.515299
7-8-2018,7402.336634
8-8-2018,6748.441484
9-8-2018,6460.153155
10-8-2018,6482.973449
11-8-2018,6092.533104
12-8-2018,6391.599258
13-8-2018,6338.738957
14-8-2018,6260.192995
15-8-2018,6123.447601
16-8-2018,6332.6069
17-8-2018,6273.88807
18-8-2018,6566.595283
19-8-2018,6396.946369
20-8-2018,6516.668382
21-8-2018,6299.395333
22-8-2018,6470.733567
23-8-2018,6355.881809
24-8-2018,6503.832362
25-8-2018,6675.360683
26-8-2018,6725.032327
27-8-2018,6689.822683
28-8-2018,6756.628926
29-8-2018,7084.293617
30-8-2018,7059.231235
31-8-2018,6938.914582
1-9-2018,7028.447312
2-9-2018,7198.058436
3-9-2018,7282.858514
4-9-2018,7260.251593
5-9-2018,7361.271864
6-9-2018,6913.115013
7-9-2018,6471.493884
8-9-2018,6400.268706
9-9-2018,6181.744207
10-9-2018,6253.937201
11-9-2018,6275.083132
12-9-2018,6275.669588
13-9-2018,6277.494409
14-9-2018,6283.1842
15-9-2018,6285.982466
16-9-2018,6280.310107
17-9-2018,6281.409356
18-9-2018,6273.220083
19-9-2018,6278.595486
20-9-2018,6282.610727
21-9-2018,6288.07017
22-9-2018,6317.699685
23-9-2018,6293.836421
24-9-2018,6289.621327
25-9-2018,6466.994564
26-9-2018,6391.385981
27-9-2018,6509.776621
28-9-2018,6698.416047
29-9-2018,6502.688151
30-9-2018,6576.61432
1-10-2018,6647.387947
2-10-2018,6603.754342
3-10-2018,6576.354229
4-10-2018,6481.24577
5-10-2018,6594.935786
6-10-2018,6630.575297
7-10-2018,6595.260326
8-10-2018,6591.686318
9-10-2018,6662.8685
10-10-2018,6663.021071
11-10-2018,6619.495845
12-10-2018,6285.859203
13-10-2018,6309.198921
14-10-2018,6331.131154
15-10-2018,6361.417016
16-10-2018,6721.587503
17-10-2018,6724.833078
18-10-2018,6444.74701
19-10-2018,6374.648863
20-10-2018,6372.686817
21-10-2018,6407.479085
22-10-2018,6412.530491
23-10-2018,6396.880154
24-10-2018,6396.252324
25-10-2018,6407.667175
26-10-2018,6405.500726
27-10-2018,6392.179337
28-10-2018,6429.687141
29-10-2018,6266.189683
31-10-2018,6276.4645
1-11-2018,6341.094813
2-11-2018,6360.141272
3-11-2018,6344.738943
4-11-2018,6405.139755
5-11-2018,6396.352124
6-11-2018,6425.917802
8-11-2018,6412.524289
9-11-2018,6343.632504
11-11-2018,6327.480646
13-11-2018,6282.438677
14-11-2018,5524.801093
15-11-2018,5511.152834
17-11-2018,5497.411279
19-11-2018,5553.014895
20-11-2018,4246.312774
21-11-2018,4478.299558
23-11-2018,4329.91722
24-11-2018,3728.872648
25-11-2018,3951.205029
26-11-2018,3640.557165
28-11-2018,4174.319972
30-11-2018,3952.447895
1-12-2018,4178.603828
2-12-2018,4118.518242
3-12-2018,3847.032737
4-12-2018,3889.29212
5-12-2018,3713.573383
6-12-2018,3578.206624
7-12-2018,3391.874146
9-12-2018,3507.306367
11-12-2018,3360.946628
12-12-2018,3414.833749
13-12-2018,3263.547913
14-12-2018,3212.207081
16-12-2018,3200.642468
17-12-2018,3478.461203
18-12-2018,3562.894946
19-12-2018,3709.316759
20-12-2018,4065.799953
21-12-2018,3824.739794
23-12-2018,3949.794342
24-12-2018,4054.29626
25-12-2018,3767.350024
26-12-2018,3807.153022
27-12-2018,3587.198223
28-12-2018,3865.5293
30-12-2018,3725.48
31-12-2018,3689.56462
2-1-2019,3715.564441
3-1-2019,3882.304754
4-1-2019,3795.592741
5-1-2019,3812.381108
6-1-2019,3809.914343
7-1-2019,4014.133187
8-1-2019,3989.631741
9-1-2019,3992.986144
10-1-2019,3995.325193
11-1-2019,3617.346291
12-1-2019,3606.16489
13-1-2019,3611.528238
14-1-2019,3497.669392
15-1-2019,3654.347067
16-1-2019,3568.751259
17-1-2019,3593.72174
18-1-2019,3623.717337
19-1-2019,3605.855187
20-1-2019,3690.908564
21-1-2019,3544.221724
22-1-2019,3528.463529
23-1-2019,3581.551947
24-1-2019,3549.770799
25-1-2019,3562.920476
26-1-2019,3566.666164
27-1-2019,3563.27801
28-1-2019,3539.620947
29-1-2019,3425.262161
30-1-2019,3395.018645
31-1-2019,3441.032215
1-2-2019,3420.633227
2-2-2019,3439.805699
3-2-2019,3433.035285
4-2-2019,3404.499313
5-2-2019,3412.230431
6-2-2019,3419.767899
7-2-2019,3367.519032
8-2-2019,3360.534076
9-2-2019,3591.022152
10-2-2019,3617.46468
11-2-2019,3621.154003
12-2-2019,3593.183177
13-2-2019,3579.341881
14-2-2019,3569.554833
15-2-2019,3558.396858
16-2-2019,3566.247765
17-2-2019,3596.405191
18-2-2019,3606.151988
19-2-2019,3865.318165
20-2-2019,3904.48292
21-2-2019,3924.739844
22-2-2019,3889.758485
23-2-2019,3933.60759
24-2-2019,4105.112759
25-2-2019,3763.620516
26-2-2019,3819.865341
27-2-2019,3797.58179
28-2-2019,3772.936335
1-3-2019,3799.678543
2-3-2019,3811.611979
3-3-2019,3804.41917
4-3-2019,3782.664101
5-3-2019,3689.862893
6-3-2019,3832.080885
7-3-2019,3848.95637
8-3-2019,3859.839983
9-3-2019,3828.371904
10-3-2019,3898.86846
11-3-2019,3899.655869
12-3-2019,3851.24919
13-3-2019,3866.295946
14-3-2019,3846.274442
15-3-2019,3855.744363
16-3-2019,3892.052301
17-3-2019,3985.851236
18-3-2019,3970.389045
19-3-2019,3974.415764
20-3-2019,3996.037131
21-3-2019,4027.787395
22-3-2019,3974.811429
23-3-2019,3987.305225
24-3-2019,3977.707443
25-3-2019,3968.438701
26-3-2019,3913.781717
27-3-2019,3915.37532
28-3-2019,4018.59051
29-3-2019,4008.370872
30-3-2019,4080.260114
31-3-2019,4081.221605
1-4-2019,4094.704791
2-4-2019,4135.18494
3-4-2019,4818.770635
4-4-2019,5102.150753
5-4-2019,4875.599431
6-4-2019,5030.933271
7-4-2019,5028.321082
8-4-2019,5198.17317
9-4-2019,5260.205043
10-4-2019,5179.997649
11-4-2019,5283.543758
12-4-2019,5049.605824
13-4-2019,5077.515864
14-4-2019,5066.86704
15-4-2019,5158.387401
16-4-2019,5045.675166
17-4-2019,5184.204468
18-4-2019,5220.959934
19-4-2019,5276.558982
20-4-2019,5266.661246
21-4-2019,5292.14833
22-4-2019,5276.558318
23-4-2019,5398.433417
24-4-2019,5552.521911
25-4-2019,5432.991017
26-4-2019,5132.227526
27-4-2019,5151.574528
28-4-2019,5200.193239
29-4-2019,5152.54574
30-4-2019,5151.4335
1-5-2019,5277.444469
2-5-2019,5297.942492
3-5-2019,5405.878067
4-5-2019,5697.679054
5-5-2019,5812.331779
6-5-2019,5713.035052
7-5-2019,5706.008421
8-5-2019,5899.529693
9-5-2019,5932.441391
10-5-2019,6159.685902
11-5-2019,6387.82945
12-5-2019,7254.805536
13-5-2019,6992.706661
14-5-2019,7906.940835
15-5-2019,7928.417416
16-5-2019,8177.453519
17-5-2019,7820.076243
18-5-2019,7243.650539
19-5-2019,7295.649729
20-5-2019,8221.259395
21-5-2019,7917.012499
22-5-2019,7961.128743
23-5-2019,7723.90388
24-5-2019,7903.84691
25-5-2019,8038.506791
26-5-2019,8089.570163
27-5-2019,8653.142368
28-5-2019,8800.346606
29-5-2019,8719.331485
30-5-2019,8672.400107
31-5-2019,8287.040256
1-6-2019,8513.203882
2-6-2019,8588.479505
3-6-2019,8744.265561
4-6-2019,8474.048229
5-6-2019,7645.572514
6-6-2019,7790.321135
7-6-2019,7730.881726
8-6-2019,8030.256079
9-6-2019,7949.425799
10-6-2019,7600.922492
11-6-2019,7954.006238
12-6-2019,7903.62525
13-6-2019,8151.78868
14-6-2019,8256.720099
15-6-2019,8667.787954
16-6-2019,8836.168413
17-6-2019,9061.540461
18-6-2019,9346.975087
19-6-2019,9012.48785
20-6-2019,9259.123638
21-6-2019,9559.900689
22-6-2019,9906.407965
23-6-2019,10461.41217
24-6-2019,10843.57097
25-6-2019,10996.45975
26-6-2019,11665.40968
27-6-2019,12444.92586
28-6-2019,11086.26883
29-6-2019,12316.95301
30-6-2019,12024.08097
1-7-2019,10932.31051
2-7-2019,10454.68382
3-7-2019,10800.13014
4-7-2019,11942.24022
5-7-2019,11645.52461
6-7-2019,10946.20905
7-7-2019,11219.046
8-7-2019,11422.11447
9-7-2019,12335.99939
10-7-2019,12575.90407
11-7-2019,12054.18379
12-7-2019,11324.1447
13-7-2019,11802.95996
14-7-2019,11279.60274
15-7-2019,10506.39583
16-7-2019,10934.48274
17-7-2019,9490.410516
18-7-2019,9733.132134
19-7-2019,10603.34887
20-7-2019,10466.26094
21-7-2019,10983.216
22-7-2019,10551.13163
23-7-2019,10285.63923
24-7-2019,10027.53261
25-7-2019,9771.504761
26-7-2019,9897.429352
27-7-2019,9812.226351
28-7-2019,9440.140037
29-7-2019,9495.855261
30-7-2019,9506.704273
31-7-2019,9572.735372
1-8-2019,10005.29447
2-8-2019,10385.20061
3-8-2019,10513.91147
4-8-2019,10831.25986
5-8-2019,10985.80754
6-8-2019,11811.78705
7-8-2019,11310.18722
8-8-2019,11956.04722
9-8-2019,11817.45548
10-8-2019,11827.57457
11-8-2019,11278.28125
12-8-2019,11485.36578
13-8-2019,11391.96865
14-8-2019,10869.37911
15-8-2019,10211.49858
16-8-2019,10386.53955
17-8-2019,10388.45059
18-8-2019,10212.10144
19-8-2019,10335.37284
20-8-2019,10774.81031
21-8-2019,10818.50701
22-8-2019,10064.91679
23-8-2019,10161.16475
24-8-2019,10364.28135
25-8-2019,10171.49746
26-8-2019,10068.92242
27-8-2019,10312.21504
28-8-2019,10122.19653
29-8-2019,9743.162051
30-8-2019,9487.976434
31-8-2019,9590.736337
1-9-2019,9624.983911
2-9-2019,9780.667897
3-9-2019,10381.85596
4-9-2019,10691.3113
5-9-2019,10555.0469
6-9-2019,10576.31789
7-9-2019,10334.02389
8-9-2019,10495.22736
9-9-2019,10402.79653
10-9-2019,10332.94219
11-9-2019,10082.94683
12-9-2019,10152.75298
13-9-2019,10396.7672
14-9-2019,10299.47696
15-9-2019,10351.23202
16-9-2019,10302.19071
17-9-2019,10301.65965
18-9-2019,10231.42151
19-9-2019,10168.28771
20-9-2019,10223.50558
21-9-2019,10138.33521
22-9-2019,9984.520516
23-9-2019,10031.86671
24-9-2019,9719.718696
25-9-2019,8688.973526
26-9-2019,8438.708552
27-9-2019,8103.2109
28-9-2019,8195.210697
29-9-2019,8146.414032
30-9-2019,8085.71329
1-10-2019,8241.34147
2-10-2019,8333.68919
3-10-2019,8273.464018
4-10-2019,8203.843833
5-10-2019,8163.902638
6-10-2019,8137.146689
7-10-2019,7853.693305
8-10-2019,8236.208379
9-10-2019,8201.637818
10-10-2019,8572.380812
11-10-2019,8582.144518
12-10-2019,8320.171581
13-10-2019,8328.60426
14-10-2019,8282.177326
15-10-2019,8337.818999
16-10-2019,8162.44
17-10-2019,8003.820395
18-10-2019,8058.058081
19-10-2019,7970.239476
20-10-2019,7943.347107
21-10-2019,8200.318763
22-10-2019,8200.246099
23-10-2019,8073.409544
24-10-2019,7420.415836
25-10-2019,7460.617416
26-10-2019,8591.223897
27-10-2019,9171.306532
28-10-2019,9578.367556
29-10-2019,9458.22336
30-10-2019,9455.724693
31-10-2019,9225.995479
1-11-2019,9131.41063
2-11-2019,9197.632345
3-11-2019,9290.896602
4-11-2019,9202.415451
5-11-2019,9369.628081
6-11-2019,9326.599624
7-11-2019,9335.752402
8-11-2019,9226.485821
9-11-2019,8794.358645
10-11-2019,8798.042055
11-11-2019,9081.186878
12-11-2019,8711.534339
13-11-2019,8760.892718
14-11-2019,8749.520591
15-11-2019,8656.970922
16-11-2019,8500.643558
17-11-2019,8469.260899
18-11-2019,8537.339652
19-11-2019,8205.806366
20-11-2019,8118.488536
21-11-2019,8074.843174
22-11-2019,7612.740574
23-11-2019,7262.110535
24-11-2019,7303.405759
25-11-2019,7041.732936
26-11-2019,7211.861809
27-11-2019,7141.069449
28-11-2019,7523.480673
29-11-2019,7390.207469
30-11-2019,7729.265939
1-12-2019,7542.235609
2-12-2019,7381.963008
3-12-2019,7333.43293
4-12-2019,7315.367765
5-12-2019,7213.733762
6-12-2019,7398.78705
7-12-2019,7511.880583
8-12-2019,7532.123513
9-12-2019,7550.2392
10-12-2019,7333.096043
11-12-2019,7239.762575
12-12-2019,7198.066677
13-12-2019,7190.272369
14-12-2019,7238.874323
15-12-2019,7087.024985
16-12-2019,7112.731476
17-12-2019,6883.496394
18-12-2019,6584.028843
19-12-2019,7424.0154
20-12-2019,7147.568324
21-12-2019,7139.933371
22-12-2019,7286.335081
23-12-2019,7236.986205
24-12-2019,7166.172379
25-12-2019,7235.62665
26-12-2019,7212.809395
27-12-2019,7183.706536
28-12-2019,7227.293712
29-12-2019,7311.560644
30-12-2019,7385.464848
31-12-2019,7251.276794
1-1-2020,7179.957819
2-1-2020,7174.744012
3-1-2020,6955.48758
4-1-2020,7291.219505
5-1-2020,7337.63667
6-1-2020,7347.433264
7-1-2020,7713.860754
8-1-2020,8039.603701
9-1-2020,8067.606369
10-1-2020,7808.701364
11-1-2020,8087.452885
12-1-2020,8078.993532
13-1-2020,8149.313717
14-1-2020,8116.961008
15-1-2020,8735.142439
16-1-2020,8843.675732
17-1-2020,8711.637578
18-1-2020,8925.299028
19-1-2020,8939.8643
20-1-2020,8638.18144
21-1-2020,8652.683763
22-1-2020,8708.786013
23-1-2020,8635.074357
24-1-2020,8384.088777
25-1-2020,8451.232296
26-1-2020,8347.567505
27-1-2020,8562.30747
28-1-2020,8881.962391
29-1-2020,9131.114988
30-1-2020,9320.978406
31-1-2020,9545.077957
1-2-2020,9388.880752
2-2-2020,9363.193383
3-2-2020,9385.260386
4-2-2020,9269.707035
5-2-2020,9177.894637
6-2-2020,9625.456637
7-2-2020,9681.377411
8-2-2020,9795.344066
9-2-2020,9927.778256
10-2-2020,10132.7065
11-2-2020,9838.900016
12-2-2020,10236.63515
13-2-2020,10364.92629
14-2-2020,10218.09974
15-2-2020,10367.528
16-2-2020,9926.353691
17-2-2020,9876.234963
18-2-2020,9636.624095
19-2-2020,10189.99598
20-2-2020,9701.037191
21-2-2020,9631.484946
22-2-2020,9670.858654
23-2-2020,9689.086743
24-2-2020,9919.551448
25-2-2020,9640.469505
26-2-2020,9392.869629
27-2-2020,8787.978363
28-2-2020,8784.995352
29-2-2020,8778.470511
1-3-2020,8639.591417
2-3-2020,8548.948322
3-3-2020,8923.044398
4-3-2020,8791.112058
5-3-2020,8756.961062
6-3-2020,9078.578777
7-3-2020,9126.636822
8-3-2020,8925.213488
9-3-2020,8166.313894
10-3-2020,7875.750875
11-3-2020,7959.228274
12-3-2020,7955.306284
13-3-2020,5800.208905
14-3-2020,5672.681201
15-3-2020,5304.149952
16-3-2020,5355.187374
17-3-2020,4944.702336
18-3-2020,5465.582594
19-3-2020,5363.822853
20-3-2020,6301.063404
21-3-2020,6185.279839
22-3-2020,6187.05375
23-3-2020,5884.340133
24-3-2020,6455.454688
25-3-2020,6784.318011
26-3-2020,6706.985089
27-3-2020,6721.495392
28-3-2020,6682.780049
29-3-2020,6229.488343
30-3-2020,5922.489835
31-3-2020,6483.739446
1-4-2020,6446.421347
2-4-2020,6537.336462
3-4-2020,6850.558712
4-4-2020,6776.370094
5-4-2020,6855.933264
6-4-2020,6805.362287
7-4-2020,7278.24397
8-4-2020,7175.667477
9-4-2020,7367.293398
10-4-2020,7321.816614
11-4-2020,6866.398189
12-4-2020,6873.848495
13-4-2020,7043.438864
14-4-2020,6889.863772
15-4-2020,6887.554908
16-4-2020,6718.79995
17-4-2020,7166.582817
18-4-2020,7065.082389
19-4-2020,7277.140586
20-4-2020,7185.870303
21-4-2020,6856.146435
22-4-2020,6904.475773
23-4-2020,7118.388748
24-4-2020,7562.032832
25-4-2020,7497.861764
26-4-2020,7542.303401
27-4-2020,7624.853786
28-4-2020,7776.507543
29-4-2020,7761.758784
30-4-2020,8773.106488
1-5-2020,8767.672623
2-5-2020,8853.774484
3-5-2020,8963.057558
4-5-2020,8904.713817
5-5-2020,8887.505893
6-5-2020,8978.283587
7-5-2020,9371.684273
8-5-2020,9900.678867
9-5-2020,9917.248414
10-5-2020,9617.518195
11-5-2020,8786.655182
12-5-2020,8608.125245
13-5-2020,8815.231245
14-5-2020,9330.986485
15-5-2020,9757.296586
16-5-2020,9362.635557
17-5-2020,9418.918551
18-5-2020,9684.701959
19-5-2020,9723.68015
20-5-2020,9719.480854
21-5-2020,9540.886567
22-5-2020,9141.150637
23-5-2020,9192.845136
24-5-2020,9220.075887
25-5-2020,9048.715119
26-5-2020,8905.781605
27-5-2020,8835.727224
28-5-2020,9112.979176
29-5-2020,9507.524665
30-5-2020,9425.281869
31-5-2020,9688.32439
1-6-2020,9427.670084
2-6-2020,10268.58198
3-6-2020,9516.135443
4-6-2020,9667.060754
5-6-2020,9811.367095
6-6-2020,9659.661298
7-6-2020,9677.050995
8-6-2020,9737.458559
9-6-2020,9791.9279
10-6-2020,9786.14202
11-6-2020,9874.967048
12-6-2020,9260.832641
13-6-2020,9464.228097
14-6-2020,9458.659754
15-6-2020,9351.953728
16-6-2020,9441.768996
17-6-2020,9510.660637
18-6-2020,9457.627074
19-6-2020,9398.642094
20-6-2020,9279.760765
21-6-2020,9353.078196
22-6-2020,9289.104491
23-6-2020,9680.947128
24-6-2020,9609.680246
25-6-2020,9311.136318
26-6-2020,9252.633372
27-6-2020,9171.732086
28-6-2020,9022.153768
29-6-2020,9101.850057
30-6-2020,9188.061375
1-7-2020,9148.444859
2-7-2020,9236.31677
3-7-2020,9097.797366
4-7-2020,9094.324561
5-7-2020,9124.653534
6-7-2020,9055.464483
7-7-2020,9278.805637
8-7-2020,9244.415815
9-7-2020,9471.759973
10-7-2020,9236.143254
11-7-2020,9243.175259
12-7-2020,9229.859755
13-7-2020,9286.737042
14-7-2020,9238.993755
15-7-2020,9260.47098
16-7-2020,9211.026433
17-7-2020,9133.77783
18-7-2020,9160.410591
19-7-2020,9176.68639
20-7-2020,9190.271534
21-7-2020,9172.588333
22-7-2020,9395.064446
23-7-2020,9530.790885
24-7-2020,9617.377861
25-7-2020,9568.974726
26-7-2020,9708.94914
27-7-2020,9938.951223
28-7-2020,11187.77973
29-7-2020,10939.67014
30-7-2020,11284.45899
31-7-2020,11118.91841
1-8-2020,11373.31726
2-8-2020,11766.7483
3-8-2020,11139.09838
4-8-2020,11261.80633
5-8-2020,11228.02632
6-8-2020,11653.40759
7-8-2020,11796.81736
8-8-2020,11639.93541
9-8-2020,11744.91208
10-8-2020,11673.12324
11-8-2020,11832.22731
12-8-2020,11340.58234
13-8-2020,11549.54631
14-8-2020,11752.16866
15-8-2020,11783.28341
16-8-2020,11895.62695
17-8-2020,11896.94717
18-8-2020,12399.11188
19-8-2020,12071.73891
20-8-2020,11749.82951
21-8-2020,11833.89735
22-8-2020,11583.13894
23-8-2020,11674.62435
24-8-2020,11666.41012
25-8-2020,11744.0127
26-8-2020,11378.72603
27-8-2020,11458.8226
28-8-2020,11302.12096
29-8-2020,11482.22569
30-8-2020,11515.04443
31-8-2020,11657.00393
1-9-2020,11678.37326
2-9-2020,11964.20867
3-9-2020,11427.7026
4-9-2020,10712.92065
5-9-2020,10563.89694
6-9-2020,10042.85485
7-9-2020,10207.605
8-9-2020,10381.77611
9-9-2020,10043.19644
10-9-2020,10268.46092
11-9-2020,10341.01598
12-9-2020,10380.5396
13-9-2020,10436.36541
14-9-2020,10313.06858
15-9-2020,10680.29756
16-9-2020,10829.50531
17-9-2020,11033.38353
18-9-2020,10937.11126
19-9-2020,10933.93116
20-9-2020,11048.87928
21-9-2020,10852.91014
22-9-2020,10526.20289
23-9-2020,10531.16456
24-9-2020,10260.03301
25-9-2020,10672.95681
26-9-2020,10729.06961
27-9-2020,10741.47647
28-9-2020,10752.34545
29-9-2020,10863.06572
30-9-2020,10764.28437
1-10-2020,10741.57955
2-10-2020,10626.60096
3-10-2020,10567.3302
4-10-2020,10555.02868
5-10-2020,10660.61118
6-10-2020,10756.40458
7-10-2020,10589.62639
8-10-2020,10645.75479
9-10-2020,10897.59543
10-10-2020,11052.39508
11-10-2020,11360.85272
12-10-2020,11334.02674
13-10-2020,11666.2117
14-10-2020,11443.73279
15-10-2020,11395.54737
16-10-2020,11504.54901
17-10-2020,11355.16044
18-10-2020,11358.70638
19-10-2020,11471.00255
20-10-2020,11776.593
21-10-2020,11936.36291
22-10-2020,13102.93446
23-10-2020,13140.66928
24-10-2020,12933.82357
25-10-2020,13081.67256
26-10-2020,13008.45326
27-10-2020,13033.52427
28-10-2020,13721.28222
29-10-2020,13282.26035
30-10-2020,13467.73178
31-10-2020,13573.7105
1-11-2020,13891.21683
2-11-2020,13730.19731
3-11-2020,13633.69822
4-11-2020,13832.93841
5-11-2020,14163.97682
6-11-2020,15424.52768
7-11-2020,15540.59659
8-11-2020,14783.98168
9-11-2020,15500.33425
10-11-2020,15283.78014
11-11-2020,15374.04439
12-11-2020,15820.49524
13-11-2020,16253.31027
14-11-2020,16347.04492
15-11-2020,15991.83302
16-11-2020,15918.08013
17-11-2020,16752.00299
18-11-2020,17593.48641
19-11-2020,17834.63653
20-11-2020,17954.85801
21-11-2020,18612.87067
22-11-2020,18591.8566
23-11-2020,18629.99554
24-11-2020,18469.20047
25-11-2020,19045.73647
26-11-2020,18746.93481
27-11-2020,17187.40628
28-11-2020,17023.9614
29-11-2020,17814.78028
30-11-2020,18114.41435
1-12-2020,19382.36059
2-12-2020,18980.97745
3-12-2020,19184.89785
4-12-2020,19464.5317
5-12-2020,18813.12476
6-12-2020,19045.02027
7-12-2020,19113.9334
8-12-2020,19107.5998
9-12-2020,18682.45783
10-12-2020,18543.00705
11-12-2020,18359.4766
12-12-2020,18137.31937
13-12-2020,18882.26017
14-12-2020,19060.2769
15-12-2020,19251.224
16-12-2020,19443.47635
17-12-2020,21310.65626
18-12-2020,22895.97624
19-12-2020,23008.77626
20-12-2020,23890.82265
21-12-2020,23537.36989
22-12-2020,23177.271
23-12-2020,23433.98076
24-12-2020,23224.45414
25-12-2020,23623.88553
26-12-2020,24581.00617
27-12-2020,26381.29623
28-12-2020,26389.29026
29-12-2020,26718.02946
30-12-2020,26975.72956
31-12-2020,28768.83621
1-1-2021,29111.52157
2-1-2021,29333.60512
3-1-2021,32154.16736
4-1-2021,33002.53643
5-1-2021,31431.61228
6-1-2021,34433.60651
7-1-2021,36275.75635
8-1-2021,39713.50786
9-1-2021,40519.4486
10-1-2021,40258.92399
11-1-2021,38709.76537
12-1-2021,34409.64238
13-1-2021,34214.61026
14-1-2021,37017.0075
15-1-2021,38435.86351
16-1-2021,36751.58497
17-1-2021,36016.77961
18-1-2021,36375.81138
19-1-2021,36346.6095
20-1-2021,36577.51965
21-1-2021,35004.53263
22-1-2021,30606.18268
23-1-2021,33368.36593
24-1-2021,32070.09743
25-1-2021,32285.72613
26-1-2021,32500.25596
27-1-2021,32324.55565
28-1-2021,30534.99937
29-1-2021,33408.21834
30-1-2021,34842.55739
31-1-2021,34622.37323
1-2-2021,33087.36986
2-2-2021,33613.32076
3-2-2021,35632.90195
4-2-2021,37397.42636
5-2-2021,37256.25211
6-2-2021,37851.59659
7-2-2021,40302.79979
8-2-2021,38461.6814
9-2-2021,44716.68547
10-2-2021,46674.85169
11-2-2021,45237.47569
12-2-2021,47500.89752
13-2-2021,47884.18286
14-2-2021,47005.19065
15-2-2021,49151.16758
16-2-2021,48125.9922
17-2-2021,48840.41447
18-2-2021,52165.30256
19-2-2021,51728.5088
20-2-2021,55719.20436
21-2-2021,54801.64864
22-2-2021,57128.64261
23-2-2021,54181.91465
24-2-2021,48172.87748
25-2-2021,48745.43298
26-2-2021,48291.41208
27-2-2021,45752.11492
28-2-2021,46642.60608
1-3-2021,45092.80657
2-3-2021,49248.91401
3-3-2021,47900.77688
4-3-2021,50811.85517
5-3-2021,48259.48708
6-3-2021,49149.73083
7-3-2021,48879.1519
8-3-2021,50594.69857
9-3-2021,51503.25813
10-3-2021,54458.03781
11-3-2021,56915.17394
12-3-2021,57636.75796
13-3-2021,57306.16626
14-3-2021,60743.04182
15-3-2021,60197.90199
16-3-2021,56300.33411
17-3-2021,56639.78395
18-3-2021,58567.28378
19-3-2021,57983.09474
20-3-2021,58451.73147
21-3-2021,58593.60245
22-3-2021,57796.46737
23-3-2021,54329.35863
24-3-2021,54794.29771
25-3-2021,52787.74553
26-3-2021,52173.86798
27-3-2021,54483.04573
28-3-2021,56234.35611
29-3-2021,55343.92582
30-3-2021,57627.67925
31-3-2021,58734.47543
1-4-2021,58724.66452
