Date,STOXX,BTC,LIBOR,SP500
1-10-2013,312.859985,123.65498999999998,0.105,1655.45
2-10-2013,310.790009,125.455,0.1051,1656.4
3-10-2013,309.549988,108.58483000000001,0.1032,1676.12
4-10-2013,309.890015,118.67466,0.1013,1678.66
7-10-2013,309.179993,121.795,0.1022,1690.5
8-10-2013,306.839996,123.03299999999999,0.1018,1692.56
9-10-2013,305.130005,124.04899999999999,0.1022,1693.87
10-10-2013,310.290009,125.96116,0.1065,1695.0
11-10-2013,311.609985,125.27966,0.1038,1698.06
14-10-2013,312.22000099999997,135.24199,NaN,1703.2
15-10-2013,314.820007,133.20333,0.1048,1710.14
16-10-2013,315.549988,142.76333,0.1069,1721.54
17-10-2013,315.980011,137.92333,0.1077,1733.15
18-10-2013,318.47000099999997,142.95166,0.109,1741.89
21-10-2013,319.540009,164.31499,0.1066,1744.5
22-10-2013,320.97000099999997,177.63333,0.1051,1744.66
23-10-2013,318.98999,188.29716000000002,0.1051,1746.38
24-10-2013,320.380005,200.70166,0.1026,1747.15
25-10-2013,320.089996,180.355,0.1024,1751.64
28-10-2013,319.48999,187.15983,0.1033,1752.07
29-10-2013,320.769989,192.75666,0.1035,1754.67
30-10-2013,320.799988,197.4,0.1024,1755.2
31-10-2013,322.369995,196.02499,0.1037,1756.54
1-11-2013,321.5,198.04883,0.0999,1759.77
4-11-2013,322.5,210.3075,0.1014,1761.64
5-11-2013,321.890015,225.02,0.1024,1762.11
6-11-2013,323.26001,248.25332999999998,0.1023,1762.97
7-11-2013,323.230011,262.32666,0.1017,1763.31
8-11-2013,322.72000099999997,294.48699,0.1021,1767.69
11-11-2013,323.570007,304.97974,NaN,1767.93
12-11-2013,321.679993,338.13699999999994,0.1006,1770.49
13-11-2013,319.820007,357.48,0.1012,1770.61
14-11-2013,322.429993,402.954,0.1017,1771.89
15-11-2013,323.0,409.10375,0.1049,1771.95
18-11-2013,324.700012,510.6025,0.1063,1773.43
19-11-2013,322.559998,693.65,0.1037,1774.2
20-11-2013,322.910004,531.54249,0.1036,1775.32
21-11-2013,322.420013,574.71599,0.1031,1775.5
22-11-2013,322.769989,681.33,0.1028,1781.0
25-11-2013,324.179993,768.8475,0.1041,1781.37
26-11-2013,322.23999,789.36475,0.1033,1781.56
27-11-2013,324.040009,893.1815,0.1029,1782.0
29-11-2013,325.160004,1068.363,0.1047,1782.22
2-12-2013,324.100006,1019.7896599999999,0.101,1782.59
3-12-2013,319.130005,1028.845,0.1026,1785.03
4-12-2013,317.23999,1071.2848,0.1025,1786.54
5-12-2013,314.410004,1139.33083,0.103,1787.87
6-12-2013,316.5,1004.6163300000001,0.1041,1790.29
9-12-2013,317.149994,841.83966,0.1037,1790.62
10-12-2013,314.910004,916.7759900000001,0.1021,1791.53
11-12-2013,313.299988,967.4286599999999,0.1015,1792.5
12-12-2013,310.23999,866.2900300000001,0.1013,1792.81
13-12-2013,309.75,911.23204,0.1,1794.19
16-12-2013,313.640015,868.9531599999999,0.1017,1795.15
17-12-2013,311.309998,653.80483,0.1018,1795.85
18-12-2013,313.98999,654.0626599999999,0.1021,1797.02
19-12-2013,318.190002,553.69166,0.102,1798.18
20-12-2013,321.140015,693.05883,0.1018,1799.84
23-12-2013,323.399994,647.6831599999999,0.1011,1800.9
27-12-2013,327.679993,758.0101599999999,0.096,1802.75
30-12-2013,327.130005,752.8202200000001,0.096,1804.76
3-1-2014,327.640015,804.02719,0.095,1807.23
6-1-2014,326.980011,970.65083,0.0945,1808.37
7-1-2014,329.399994,962.4644699999999,0.0926,1809.6
8-1-2014,329.75,855.7593300000001,0.0925,1810.65
9-1-2014,328.410004,860.8416599999999,0.0919,1815.69
10-1-2014,329.950012,847.5325,0.0918,1818.32
13-1-2014,330.72000099999997,873.2716800000001,0.0921,1819.2
14-1-2014,331.230011,863.69888,0.0921,1819.26
15-1-2014,334.51001,853.25666,0.09,1819.75
16-1-2014,333.98999,874.07416,0.0896,1826.77
17-1-2014,335.820007,842.1917300000001,0.0886,1827.99
21-1-2014,335.76001,873.2891599999999,0.0896,1828.46
22-1-2014,336.059998,874.13266,0.0901,1828.75
23-1-2014,332.690002,864.56116,0.0898,1829.08
24-1-2014,324.75,838.14997,0.0887,1829.83
27-1-2014,322.019989,887.08337,0.0866,1830.61
28-1-2014,324.22000099999997,830.53133,0.0851,1831.37
29-1-2014,322.390015,832.89496,0.0847,1831.98
30-1-2014,323.320007,832.87399,0.085,1833.08
31-1-2014,322.519989,841.48914,0.0862,1833.32
3-2-2014,318.209991,856.0336599999999,0.0855,1836.25
4-2-2014,317.579987,847.70697,0.085,1837.49
5-2-2014,318.040009,844.28836,0.085,1837.88
6-2-2014,322.769989,802.75333,0.085,1838.13
7-2-2014,325.089996,748.43559,0.0856,1838.63
10-2-2014,325.299988,700.44843,0.0856,1838.7
11-2-2014,329.519989,694.3125,0.085,1838.88
12-2-2014,332.0,665.7975,0.0865,1839.78
13-2-2014,331.480011,645.615,0.086,1840.76
14-2-2014,333.320007,578.4125,0.0856,1841.07
18-2-2014,334.600006,634.99,0.084,1841.13
19-2-2014,334.940002,618.79,0.0861,1841.4
20-2-2014,334.77999900000003,619.8425,0.0865,1842.02
21-2-2014,336.089996,545.7625,0.0865,1842.37
24-2-2014,338.190002,572.7675,0.0874,1842.98
25-2-2014,338.390015,501.155,0.0876,1843.8
26-2-2014,337.700012,550.6025,0.0882,1844.86
27-2-2014,337.209991,573.1025,0.0887,1845.04
28-2-2014,338.019989,567.2925,0.09,1845.12
3-3-2014,330.359985,567.7,0.0878,1845.16
4-3-2014,337.149994,666.1475,0.0883,1845.73
5-3-2014,337.059998,660.84,0.0879,1845.89
6-3-2014,337.27999900000003,662.0225,0.0876,1846.34
7-3-2014,333.059998,651.285,0.0877,1847.61
10-3-2014,331.399994,637.615,0.0901,1848.36
11-3-2014,331.48999,626.0,0.0885,1848.38
12-3-2014,327.950012,633.7474900000001,0.0889,1849.04
13-3-2014,324.51001,631.755,0.0879,1851.86
14-3-2014,322.230011,636.4141400000001,0.0878,1851.96
17-3-2014,325.829987,630.34833,0.0886,1852.21
18-3-2014,327.929993,617.24333,0.0885,1852.56
19-3-2014,327.630005,616.86665,0.089,1853.44
20-3-2014,327.670013,601.015,0.0885,1854.29
21-3-2014,327.910004,581.3333299999999,0.0905,1857.44
24-3-2014,324.390015,557.16833,0.0903,1857.62
25-3-2014,328.570007,573.34998,0.0904,1858.83
26-3-2014,330.929993,572.4916099999999,0.0903,1859.33
27-3-2014,331.399994,570.54833,0.0908,1859.45
28-3-2014,333.76001,509.70665,0.0899,1860.77
31-3-2014,334.309998,472.4783,0.0855,1862.31
1-4-2014,336.350006,464.88,0.0884,1862.49
2-4-2014,336.929993,480.16580999999996,0.0874,1862.76
3-4-2014,337.25,427.87498,0.0881,1863.4
4-4-2014,339.179993,432.99715999999995,0.0884,1864.78
7-4-2014,334.959991,456.46948,0.0865,1864.85
8-4-2014,333.890015,452.81,0.0885,1865.09
9-4-2014,335.160004,450.48082999999997,0.0886,1865.62
10-4-2014,333.410004,426.98332999999997,0.0885,1866.52
11-4-2014,328.769989,374.59166,0.087,1867.61
14-4-2014,329.790009,409.03166,0.087,1867.63
15-4-2014,326.579987,455.28315999999995,0.088,1867.72
16-4-2014,330.820007,517.0966599999999,0.0907,1868.2
17-4-2014,332.429993,522.455,0.0905,1868.99
22-4-2014,337.02999900000003,497.65000999999995,0.0915,1870.85
23-4-2014,335.049988,487.84,0.0898,1871.89
24-4-2014,336.130005,487.11332999999996,0.0889,1872.01
25-4-2014,333.5,469.08815999999996,0.0897,1872.18
28-4-2014,334.130005,426.78166,0.0895,1872.25
29-4-2014,338.119995,432.60497999999995,0.0882,1872.34
30-4-2014,337.890015,444.85668,0.0876,1872.83
2-5-2014,337.76001,453.59833,0.0885,1873.91
5-5-2014,336.890015,432.78747999999996,NaN,1874.74
6-5-2014,336.040009,418.61831,0.0905,1875.39
7-5-2014,336.02999900000003,428.42593,0.0891,1875.63
8-5-2014,339.559998,442.57665999999995,0.0885,1877.03
9-5-2014,338.540009,439.04,0.0886,1877.08
12-5-2014,340.959991,434.27,0.0894,1877.17
13-5-2014,341.890015,437.0,0.0898,1877.7
14-5-2014,341.589996,438.88,0.0879,1877.86
15-5-2014,338.5,445.045,0.0893,1878.04
16-5-2014,338.98999,443.18,0.0884,1878.21
19-5-2014,338.51001,444.73832999999996,0.0875,1878.33
20-5-2014,338.320007,455.65333,0.0879,1878.48
21-5-2014,340.339996,489.86999000000003,0.088,1878.61
22-5-2014,341.019989,490.18665999999996,0.0883,1879.55
23-5-2014,341.76001,522.31,0.0877,1880.05
27-5-2014,344.47000099999997,581.51,0.0884,1880.33
28-5-2014,344.290009,572.4483299999999,0.0885,1881.14
30-5-2014,344.23999,571.845,0.0866,1881.77
2-6-2014,345.079987,634.98333,0.089,1882.95
3-6-2014,343.480011,660.2466599999999,0.088,1883.68
4-6-2014,343.559998,627.79833,0.09,1883.95
5-6-2014,344.98999,642.89166,0.0925,1884.09
6-6-2014,347.299988,652.52666,0.0909,1884.66
10-6-2014,349.709991,644.085,0.0893,1885.52
11-6-2014,347.73999,642.00666,0.0888,1886.76
12-6-2014,347.829987,632.55,0.0919,1888.03
13-6-2014,347.070007,585.48333,0.0922,1888.53
16-6-2014,345.519989,589.06666,0.0921,1888.77
17-6-2014,346.420013,592.25666,0.094,1890.28
18-6-2014,346.130005,610.41333,0.096,1890.9
19-6-2014,348.149994,601.88666,0.095,1892.49
20-6-2014,348.089996,594.09333,0.0955,1893.21
23-6-2014,346.309998,592.405,0.0953,1893.36
24-6-2014,345.570007,584.64166,0.096,1895.58
25-6-2014,341.940002,575.905,0.0955,1896.65
26-6-2014,341.859985,571.76666,0.0962,1897.45
27-6-2014,341.97000099999997,582.43166,0.0966,1900.53
30-6-2014,341.859985,597.51333,0.0936,1903.03
1-7-2014,344.890015,647.1224900000001,0.095,1903.63
2-7-2014,345.679993,637.85625,0.0959,1904.01
3-7-2014,348.910004,642.65125,0.0954,1906.13
7-7-2014,344.799988,631.29875,0.0945,1906.9
8-7-2014,339.98999,621.2424900000001,0.0941,1909.57
9-7-2014,339.959991,620.72,0.0942,1909.78
10-7-2014,336.369995,621.3075,0.094,1911.91
11-7-2014,336.910004,616.8312400000001,0.0939,1912.53
14-7-2014,339.790009,621.4249900000001,0.0934,1913.85
15-7-2014,338.420013,618.73875,0.0942,1915.45
16-7-2014,342.97000099999997,619.8075,0.0924,1917.78
17-7-2014,339.73999,614.68875,0.0925,1917.83
18-7-2014,339.660004,623.4974900000001,0.093,1920.03
21-7-2014,337.950012,617.9612400000001,0.0915,1920.03
22-7-2014,342.440002,622.10749,0.0925,1920.21
23-7-2014,342.859985,618.4475,0.092,1920.24
24-7-2014,344.329987,617.6875,0.0913,1921.22
25-7-2014,341.950012,602.93125,0.0915,1921.27
28-7-2014,341.339996,580.11,0.0907,1921.84
29-7-2014,342.269989,585.44875,0.0911,1922.03
30-7-2014,340.440002,580.5175,0.091,1923.57
31-7-2014,335.98999,564.57,0.0865,1923.67
4-8-2014,331.149994,585.80125,0.0905,1924.24
5-8-2014,332.100006,582.33375,0.0899,1924.97
6-8-2014,329.190002,582.52125,0.0899,1925.15
7-8-2014,326.959991,583.62375,0.0895,1926.82
8-8-2014,324.910004,595.80875,0.0895,1927.11
11-8-2014,329.359985,588.7525,0.0902,1927.88
12-8-2014,328.73999,566.31625,0.0901,1928.21
13-8-2014,330.019989,565.55125,0.0903,1929.8
14-8-2014,331.040009,534.54,0.0911,1930.11
15-8-2014,329.72000099999997,511.4725,0.0915,1930.67
18-8-2014,333.600006,489.4675,0.0914,1931.34
19-8-2014,335.48999,455.91625,0.0919,1931.59
20-8-2014,335.299988,472.91,0.0911,1932.23
21-8-2014,337.51001,519.015,0.092,1932.24
22-8-2014,336.75,508.12875,0.0919,1933.75
25-8-2014,340.459991,503.32125,NaN,1935.1
26-8-2014,342.959991,504.62625,0.092,1936.16
27-8-2014,343.329987,513.39125,0.092,1936.92
28-8-2014,341.049988,514.62375,0.0915,1937.78
29-8-2014,342.0,506.025,0.0895,1938.68
2-9-2014,342.75,477.98375,0.0905,1938.76
3-9-2014,344.97000099999997,476.88375,0.0905,1938.99
4-9-2014,348.890015,475.65,0.091,1939.38
5-9-2014,347.570007,485.65125,0.091,1940.24
8-9-2014,346.089996,473.58625,0.091,1940.46
9-9-2014,344.869995,468.5775,0.0905,1940.51
10-9-2014,344.700012,474.29125,0.0909,1941.28
11-9-2014,344.269989,479.4175,0.0906,1941.99
12-9-2014,344.269989,473.6725,0.091,1942.04
15-9-2014,343.910004,475.02125,0.091,1942.74
16-9-2014,342.839996,471.08375,0.091,1943.09
17-9-2014,344.390015,464.55375,0.091,1943.89
18-9-2014,347.77999900000003,449.95875,0.0907,1945.5
19-9-2014,348.519989,425.4475,0.0912,1946.16
22-9-2014,346.690002,399.0975,0.0903,1946.17
23-9-2014,341.890015,399.5025,0.0909,1946.72
24-9-2014,344.350006,427.8125,0.0908,1948.05
25-9-2014,341.440002,416.12,0.0908,1948.86
26-9-2014,342.299988,410.15,0.0905,1949.44
29-9-2014,340.98999,377.97875,0.0905,1949.98
30-9-2014,343.079987,376.08375,0.0808,1950.79
1-10-2014,340.22000099999997,387.94,0.0908,1950.82
2-10-2014,332.049988,381.7475,0.0895,1951.13
3-10-2014,335.190002,372.0575,0.0899,1951.27
6-10-2014,336.0,308.07875,0.0905,1951.36
7-10-2014,330.850006,337.23375,0.0902,1951.7
8-10-2014,328.0,326.2325,0.09,1952.29
9-10-2014,326.670013,351.34625,0.0904,1953.03
10-10-2014,321.619995,368.59625,0.0905,1955.06
13-10-2014,321.559998,371.15625,NaN,1955.18
14-10-2014,321.52999900000003,392.7825,0.091,1956.98
15-10-2014,311.359985,396.34625,0.092,1957.22
16-10-2014,310.02999900000003,392.56625,0.0913,1958.03
17-10-2014,318.679993,376.26875,0.091,1958.12
20-10-2014,317.01001,381.72375,0.0915,1959.48
21-10-2014,323.73999,380.0575,0.091,1959.53
22-10-2014,326.109985,382.93875,0.0915,1960.23
23-10-2014,328.26001,376.59,0.0905,1960.96
24-10-2014,327.170013,351.7825,0.0905,1961.05
27-10-2014,325.100006,350.9775,0.09,1961.63
28-10-2014,328.25,349.79625,0.0905,1962.61
29-10-2014,328.77999900000003,348.9025,0.0915,1962.87
30-10-2014,330.709991,335.53625,0.0911,1963.71
31-10-2014,336.799988,343.55875,0.088,1964.58
3-11-2014,334.25,331.60083,0.0925,1964.68
4-11-2014,330.880005,324.71833,0.0925,1964.82
5-11-2014,336.359985,332.45666,0.0925,1965.99
6-11-2014,337.079987,336.585,0.0935,1966.97
7-11-2014,335.25,346.775,0.094,1967.57
10-11-2014,337.709991,358.50166,0.094,1967.9
11-11-2014,338.929993,368.07666,NaN,1968.89
12-11-2014,335.089996,376.99666,0.0945,1969.41
13-11-2014,335.859985,442.10666,0.0939,1969.95
14-11-2014,335.630005,389.00333,0.094,1970.07
17-11-2014,337.25,400.47166,0.0945,1970.89
18-11-2014,339.299988,384.93,0.0964,1971.74
19-11-2014,339.149994,375.83333,0.0985,1972.18
20-11-2014,338.27999900000003,376.16,0.0994,1972.29
21-11-2014,345.23999,348.565,0.1015,1972.74
24-11-2014,345.72000099999997,367.83,0.1015,1972.83
25-11-2014,346.27999900000003,381.20666,0.1025,1973.28
26-11-2014,346.27999900000003,375.49800000000005,0.102,1973.32
28-11-2014,347.25,368.983,0.0977,1973.63
1-12-2014,345.640015,376.13218,0.1017,1974.62
2-12-2014,347.369995,377.86199999999997,0.1067,1977.1
3-12-2014,349.339996,382.452,0.1095,1977.65
4-12-2014,344.839996,376.38199999999995,0.111,1977.8
5-12-2014,350.97000099999997,368.3618,0.111,1978.09
8-12-2014,348.609985,373.155,0.111,1978.22
9-12-2014,340.480011,357.884,0.11,1978.34
10-12-2014,339.320007,348.898,0.112,1978.35
11-12-2014,339.309998,341.041,0.1125,1978.91
12-12-2014,330.540009,348.272,0.1104,1979.26
15-12-2014,323.290009,348.67400000000004,0.1105,1979.92
16-12-2014,328.880005,338.54699999999997,0.11,1981.57
17-12-2014,329.339996,330.536,0.1108,1981.6
18-12-2014,339.049988,317.405,0.1117,1982.3
19-12-2014,340.299988,306.45999,0.114,1982.77
22-12-2014,341.97000099999997,320.03499,0.1142,1982.85
23-12-2014,344.059998,328.70099999999996,0.1141,1983.53
30-12-2014,341.019989,313.994,0.1146,1985.54
5-1-2015,333.98999,270.813,0.1164,1987.01
6-1-2015,331.609985,272.0175,0.1187,1987.05
7-1-2015,333.200012,283.84125,0.1189,1987.66
8-1-2015,342.350006,290.485,0.1191,1987.98
9-1-2015,337.929993,281.03625,0.1191,1988.4
12-1-2015,339.869995,268.10199,0.1165,1988.44
13-1-2015,344.769989,243.081,0.1167,1988.87
14-1-2015,339.670013,219.128,0.1196,1989.26
15-1-2015,348.450012,193.3511,0.1201,1989.57
16-1-2015,352.399994,220.5745,0.1201,1989.63
20-1-2015,355.959991,211.5401,0.1208,1990.2
21-1-2015,358.119995,212.28249,0.1214,1990.26
22-1-2015,364.049988,230.6754,0.1214,1992.37
23-1-2015,370.369995,226.30418999999998,0.1199,1992.67
26-1-2015,372.390015,283.59769,0.1199,1993.4
27-1-2015,368.700012,258.5374,0.1196,1994.24
28-1-2015,369.079987,257.447,0.1177,1994.29
29-1-2015,368.76001,235.94799999999998,0.1194,1994.65
30-1-2015,367.049988,233.141,0.115,1994.99
2-2-2015,367.27999900000003,229.80441000000002,0.116,1995.31
3-2-2015,370.27999900000003,237.65175,0.1175,1995.69
4-2-2015,372.100006,225.83857999999998,0.118,1995.83
5-2-2015,372.51001,226.554,0.118,1996.74
6-2-2015,373.309998,219.75625,0.1175,1997.45
9-2-2015,370.549988,222.78408,0.117,1997.65
10-2-2015,372.940002,220.16725,0.116,1997.92
11-2-2015,372.040009,223.00366,0.118,1998.3
12-2-2015,374.829987,218.72832999999997,0.1195,1998.98
13-2-2015,377.070007,223.96716,0.1175,1999.99
17-2-2015,377.019989,235.71275,0.1175,2000.02
18-2-2015,380.369995,242.93183,0.118,2000.12
19-2-2015,381.410004,237.1035,0.1185,2000.54
20-2-2015,382.269989,241.07182999999998,0.1205,2000.72
23-2-2015,385.079987,235.14141,0.119,2001.54
24-2-2015,387.25,238.93183,0.119,2001.57
25-2-2015,386.76001,238.15225,0.118,2001.76
26-2-2015,390.690002,235.67716000000001,0.118,2002.16
27-2-2015,392.209991,251.28907999999998,0.116,2002.28
2-3-2015,391.290009,258.8485,0.1192,2002.33
3-3-2015,387.679993,270.7625,0.1215,2002.61
4-3-2015,390.609985,278.1172,0.1215,2003.37
5-3-2015,393.77999900000003,269.2606,0.1215,2003.69
6-3-2015,394.179993,274.8977,0.1215,2005.55
9-3-2015,393.190002,277.98519,0.1215,2007.71
10-3-2015,389.660004,294.1886,0.122,2010.4
11-3-2015,395.480011,289.7149,0.122,2011.27
12-3-2015,395.359985,292.8678,0.1225,2011.36
13-3-2015,396.609985,293.224,0.123,2012.1
16-3-2015,400.179993,290.61579,0.123,2012.37
17-3-2015,397.329987,290.54200000000003,0.1225,2012.66
18-3-2015,398.649994,283.7507,0.122,2012.89
19-3-2015,400.829987,252.44789,0.122,2013.43
20-3-2015,404.01001,263.4741,0.122,2014.89
23-3-2015,401.23999,267.5549,0.1225,2015.93
24-3-2015,402.48999,265.27299999999997,0.122,2016.71
25-3-2015,397.950012,246.6733,0.1215,2017.46
26-3-2015,394.540009,245.6489,0.121,2017.81
27-3-2015,395.540009,246.5497,0.121,2018.05
30-3-2015,399.839996,245.1133,0.12,2018.94
31-3-2015,397.299988,247.2639,0.114,2019.42
1-4-2015,398.519989,243.3028,0.1225,2019.64
2-4-2015,397.799988,246.96,0.1215,2020.58
7-4-2015,404.339996,252.0909,0.122,2021.15
8-4-2015,404.660004,252.8629,0.121,2021.25
9-4-2015,409.149994,244.0449,0.121,2021.94
10-4-2015,412.929993,240.9478,0.122,2022.19
13-4-2015,413.630005,235.52200000000002,0.122,2022.55
14-4-2015,411.700012,222.6009,0.122,2023.03
15-4-2015,414.059998,220.9126,0.122,2023.04
16-4-2015,410.929993,226.0171,0.122,2023.57
17-4-2015,403.690002,227.9255,0.122,2023.86
20-4-2015,406.869995,223.9214,0.122,2025.9
21-4-2015,409.119995,224.9815,0.1225,2026.14
22-4-2015,408.98999,235.50368999999998,0.122,2027.22
23-4-2015,407.179993,234.15749,0.1225,2028.26
24-4-2015,408.420013,233.40079,0.1225,2029.55
27-4-2015,412.420013,219.19029,0.1225,2030.77
28-4-2015,406.27999900000003,227.3867,0.123,2031.21
29-4-2015,397.299988,225.3545,0.123,2031.92
30-4-2015,395.790009,225.9976,0.12,2032.12
4-5-2015,396.820007,240.3646,NaN,2033.66
5-5-2015,391.01001,235.6033,0.123,2035.33
6-5-2015,388.679993,235.6017,0.123,2035.73
7-5-2015,388.980011,230.4207,0.123,2035.94
8-5-2015,400.160004,237.05900000000003,0.123,2036.09
11-5-2015,401.339996,239.4036,0.123,2036.71
12-5-2015,396.089996,240.00079,0.123,2037.05
13-5-2015,395.459991,241.3529,0.123,2037.41
15-5-2015,396.450012,237.5737,0.124,2038.26
18-5-2015,398.089996,236.2319,0.124,2038.97
19-5-2015,404.77999900000003,233.3119,0.124,2039.33
20-5-2015,406.420013,232.7193,0.124,2039.68
21-5-2015,407.869995,234.204,0.124,2039.82
22-5-2015,407.73999,235.86328999999998,0.124,2040.04
26-5-2015,403.609985,237.6588,0.123,2040.24
27-5-2015,408.880005,237.1844,0.123,2040.59
28-5-2015,406.829987,237.6708,0.123,2041.32
29-5-2015,399.869995,237.2277,0.121,2041.51
1-6-2015,400.570007,230.8331,0.123,2041.89
2-6-2015,396.450012,223.415,0.1235,2041.91
3-6-2015,395.929993,226.6168,0.123,2041.99
4-6-2015,392.649994,225.44400000000002,0.123,2043.41
5-6-2015,389.0,223.9665,0.123,2043.94
8-6-2015,385.390015,223.69458999999998,0.123,2044.16
9-6-2015,383.869995,228.1884,0.123,2044.81
10-6-2015,390.77999900000003,229.2025,0.123,2045.17
11-6-2015,393.0,229.9599,0.123,2045.97
12-6-2015,389.380005,229.9082,0.123,2046.61
15-6-2015,383.019989,234.7473,0.1235,2046.68
16-6-2015,385.48999,237.39899,0.1235,2046.74
17-6-2015,383.73999,248.7435,0.123,2047.21
18-6-2015,384.22000099999997,247.2359,0.1235,2047.6
19-6-2015,385.589996,249.0733,0.1245,2047.62
22-6-2015,394.25,244.9588,0.1245,2047.63
23-6-2015,398.829987,247.1273,0.124,2048.04
24-6-2015,397.320007,243.37099999999998,0.1235,2048.72
25-6-2015,396.390015,240.9204,0.1245,2049.58
26-6-2015,396.850006,242.31912000000003,0.124,2049.62
29-6-2015,386.170013,249.42725,0.1236,2049.8
30-6-2015,381.309998,258.38549,0.112,2050.03
1-7-2015,387.070007,261.71749,0.123,2050.44
2-7-2015,385.459991,259.62937,0.125,2050.63
6-7-2015,378.679993,267.60762,0.1255,2051.12
7-7-2015,372.73999,270.07587,0.126,2051.31
8-7-2015,372.880005,264.356,0.1255,2051.6
9-7-2015,381.059998,267.943,0.1255,2051.8
10-7-2015,388.799988,269.24925,0.1265,2051.82
13-7-2015,396.459991,304.9905,0.128,2052.23
14-7-2015,398.299988,290.93137,0.128,2052.32
15-7-2015,400.02999900000003,288.48787000000004,0.128,2052.51
16-7-2015,405.429993,287.55762000000004,0.128,2052.75
17-7-2015,405.679993,276.97924,0.128,2053.19
20-7-2015,406.799988,274.28387000000004,0.1275,2053.4
21-7-2015,402.660004,279.45925,0.1275,2053.44
22-7-2015,400.27999900000003,274.87242000000003,0.1285,2055.01
23-7-2015,398.100006,276.2095,0.1265,2055.47
24-7-2015,394.640015,276.24491,0.1265,2056.15
27-7-2015,385.910004,291.20091,0.126,2056.5
28-7-2015,390.019989,293.15058,0.126,2057.09
29-7-2015,394.01001,292.99425,0.126,2057.14
30-7-2015,396.23999,288.61658,0.1265,2057.64
31-7-2015,396.369995,286.74491,0.1214,2058.2
3-8-2015,399.440002,279.48591,0.1265,2058.69
4-8-2015,398.75,283.49091,0.1265,2058.9
5-8-2015,403.929993,284.24366000000003,0.1265,2059.69
6-8-2015,400.700012,280.9375,0.126,2059.74
7-8-2015,397.070007,275.92866000000004,0.126,2059.82
10-8-2015,399.820007,265.0825,0.1265,2060.31
11-8-2015,393.609985,264.87516,0.1275,2060.99
12-8-2015,382.98999,270.22325,0.128,2061.02
13-8-2015,386.690002,264.14299,0.1285,2061.05
14-8-2015,386.23999,262.01758,0.1305,2061.23
17-8-2015,387.26001,258.0065,0.1325,2061.72
18-8-2015,388.130005,256.44841,0.1325,2062.14
19-8-2015,381.309998,230.38423999999998,0.133,2062.52
20-8-2015,373.440002,232.06482999999997,0.133,2063.11
21-8-2015,361.27999900000003,234.56375,0.133,2063.15
24-8-2015,342.01001,227.23233,0.133,2063.36
25-8-2015,356.359985,203.18133,0.1325,2063.37
26-8-2015,350.140015,219.81582999999998,0.133,2063.5
27-8-2015,362.269989,224.53607999999997,0.1335,2063.59
28-8-2015,363.27999900000003,224.18875,0.1335,2063.95
31-8-2015,362.790009,227.18083,NaN,2064.11
1-9-2015,352.890015,229.02966,0.132,2064.29
2-9-2015,353.859985,226.28841,0.133,2064.46
3-9-2015,362.23999,228.35298999999998,0.1355,2065.3
4-9-2015,353.109985,227.14741,0.1355,2065.89
8-9-2015,359.0,242.01891,0.1355,2065.95
9-9-2015,363.769989,244.31382999999997,0.135,2066.13
10-9-2015,359.339996,237.99466,0.1345,2066.55
11-9-2015,355.72000099999997,240.56366,0.1355,2066.66
14-9-2015,353.630005,229.15807999999998,0.136,2066.66
15-9-2015,356.429993,230.51091,0.1365,2066.96
16-9-2015,361.869995,230.98066,0.1365,2067.03
17-9-2015,361.209991,229.58975,0.1375,2067.56
18-9-2015,354.769989,233.2385,0.1375,2067.64
21-9-2015,357.829987,230.75432999999998,0.1355,2067.89
22-9-2015,346.670013,227.79358,0.1355,2068.53
23-9-2015,346.97000099999997,231.30982999999998,0.136,2068.59
24-9-2015,339.630005,231.09507999999997,0.136,2068.76
25-9-2015,349.27999900000003,233.74475,0.1345,2069.41
28-9-2015,341.570007,237.21116,0.1345,2070.65
29-9-2015,339.230011,238.56625,0.1335,2070.77
30-9-2015,347.769989,238.06125,0.1162,2071.18
1-10-2015,346.230011,237.15191000000002,0.1325,2071.22
2-10-2015,347.859985,238.06357999999997,0.1325,2071.26
5-10-2015,358.329987,238.82432999999997,0.1325,2071.5
6-10-2015,360.410004,240.63075,0.132,2071.92
7-10-2015,360.929993,246.49632999999997,0.1315,2072.78
8-10-2015,361.609985,244.49816,0.131,2072.83
9-10-2015,362.820007,243.25675,0.132,2073.07
12-10-2015,361.790009,247.65041000000002,NaN,2074.28
13-10-2015,358.47000099999997,244.57641,0.132,2074.33
14-10-2015,355.809998,249.45907999999997,0.132,2075.0
15-10-2015,360.98999,254.64216000000002,0.1325,2075.15
16-10-2015,363.130005,255.72741000000002,0.132,2075.32
19-10-2015,364.25,264.98625,0.1315,2075.37
20-10-2015,362.670013,264.92575,0.132,2075.81
21-10-2015,362.640015,270.49541,0.132,2076.06
22-10-2015,369.98999,267.46907999999996,0.132,2076.33
23-10-2015,377.359985,274.25325,0.1315,2076.62
26-10-2015,375.890015,284.286,0.1315,2076.78
27-10-2015,371.880005,287.83091,0.1315,2077.07
28-10-2015,375.829987,300.53566,0.132,2077.42
29-10-2015,375.700012,304.32691,0.132,2077.57
30-10-2015,375.47000099999997,326.55691,0.1248,2077.99
2-11-2015,376.75,325.64666,0.131,2078.36
3-11-2015,378.359985,369.51133,0.131,2078.54
4-11-2015,380.27999900000003,432.46133,0.131,2078.58
5-11-2015,378.76001,434.31683,0.131,2079.06
6-11-2015,379.950012,359.586,0.131,2079.28
9-11-2015,375.880005,370.652,0.131,2079.36
10-11-2015,376.269989,376.94800000000004,0.131,2079.43
11-11-2015,378.709991,311.702,NaN,2079.51
12-11-2015,372.559998,320.036,0.1305,2079.61
13-11-2015,369.52999900000003,337.89300000000003,0.131,2079.65
16-11-2015,370.640015,320.06,0.131,2080.15
17-11-2015,379.880005,337.759,0.131,2080.15
18-11-2015,379.329987,333.33299,0.131,2080.35
19-11-2015,380.959991,334.02499,0.13,2080.41
20-11-2015,381.790009,315.63099,0.131,2080.62
23-11-2015,380.369995,322.606,0.1305,2080.73
24-11-2015,375.640015,320.993,0.1305,2081.18
25-11-2015,380.839996,318.337,0.1305,2081.19
27-11-2015,383.670013,349.13800000000003,0.1305,2081.24
30-11-2015,385.429993,375.204,0.128,2081.34
1-12-2015,384.23999,377.798,0.1305,2081.43
2-12-2015,384.170013,352.12800000000004,0.1305,2081.72
3-12-2015,372.109985,366.788,0.1305,2081.88
4-12-2015,370.589996,358.44300000000004,0.1305,2081.9
7-12-2015,372.480011,391.61800000000005,0.13,2082.17
8-12-2015,365.75,395.59299,0.1295,2082.42
9-12-2015,364.190002,421.42400000000004,0.1295,2082.78
10-12-2015,363.209991,415.07599999999996,0.1315,2083.25
11-12-2015,355.790009,421.81300000000005,0.1335,2083.39
14-12-2015,349.540009,437.02099999999996,0.135,2083.56
15-12-2015,359.579987,453.676,0.1355,2083.58
16-12-2015,360.429993,445.805,0.1518,2084.07
17-12-2015,364.899994,451.102,0.3614,2084.39
18-12-2015,361.230011,456.425,0.3658,2084.43
21-12-2015,357.149994,435.64099000000004,0.3672,2085.18
22-12-2015,356.869995,438.276,0.3674,2085.45
23-12-2015,366.390015,437.994,0.3673,2085.51
28-12-2015,364.48999,427.81699999999995,NaN,2086.24
29-12-2015,369.679993,422.741,0.366,2086.59
30-12-2015,367.700012,431.029,0.3661,2087.79
4-1-2016,356.660004,431.691,0.3658,2088.48
5-1-2016,358.880005,433.73199999999997,0.365,2088.55
6-1-2016,354.350006,427.164,0.3661,2088.66
7-1-2016,346.51001,441.02099999999996,0.3651,2088.77
8-1-2016,341.350006,457.168,0.3662,2088.87
11-1-2016,340.230011,450.31199999999995,0.3661,2088.9
12-1-2016,343.22000099999997,446.61400000000003,0.3661,2089.14
13-1-2016,344.630005,431.156,0.3663,2089.17
14-1-2016,339.420013,431.41,0.3661,2089.27
15-1-2016,329.839996,416.29,0.3661,2089.41
19-1-2016,332.929993,382.73800000000006,0.366,2089.46
20-1-2016,322.290009,378.775,0.3655,2090.1
21-1-2016,328.51001,417.439,0.3658,2090.11
22-1-2016,338.359985,403.27099999999996,0.3659,2090.35
25-1-2016,336.269989,397.885,0.366,2090.54
26-1-2016,339.200012,390.715,0.3657,2090.57
27-1-2016,340.23999,392.389,0.3659,2091.18
28-1-2016,334.890015,381.356,0.3684,2091.48
29-1-2016,342.269989,369.13300000000004,0.3674,2091.5
1-2-2016,341.609985,372.157,0.366,2091.54
2-2-2016,334.589996,372.45300000000003,0.369,2091.58
3-2-2016,329.429993,372.76199999999994,0.3686,2091.69
4-2-2016,328.76001,370.43300000000005,0.3704,2091.7
5-2-2016,325.899994,386.954,0.37,2092.43
8-2-2016,314.359985,376.92400000000004,0.3763,2092.83
9-2-2016,309.390015,372.434,0.3771,2093.25
10-2-2016,315.190002,374.764,0.3731,2093.32
11-2-2016,303.579987,379.186,0.3715,2094.11
12-2-2016,312.410004,378.57599999999996,0.3708,2094.34
16-2-2016,320.369995,401.663,0.371,2095.15
17-2-2016,328.769989,407.017,0.37,2095.84
18-2-2016,328.910004,417.49199999999996,0.3714,2095.84
19-2-2016,326.369995,421.95599999999996,0.3709,2096.07
22-2-2016,331.820007,436.14,0.371,2096.29
23-2-2016,327.77999900000003,438.745,0.371,2096.92
24-2-2016,320.230011,419.89599999999996,0.3715,2096.95
25-2-2016,326.540009,422.61699999999996,0.3743,2096.99
26-2-2016,331.540009,421.244,0.3745,2097.29
29-2-2016,333.920013,438.28,0.3715,2097.45
1-3-2016,338.72000099999997,436.426,0.3679,2097.9
2-3-2016,340.97000099999997,434.001,0.3715,2097.94
3-3-2016,339.420013,419.254,0.373,2098.04
4-3-2016,341.799988,421.597,0.372,2098.48
7-3-2016,340.929993,407.276,0.372,2098.53
8-3-2016,337.480011,414.213,0.372,2098.86
9-3-2016,339.140015,410.73900000000003,0.372,2099.06
10-3-2016,333.5,411.67199999999997,0.3725,2099.12
11-3-2016,342.230011,416.708,0.3725,2099.13
14-3-2016,344.660004,414.208,0.3743,2099.2
15-3-2016,340.859985,416.034,0.3753,2099.33
16-3-2016,341.0,414.167,0.3743,2099.5
17-3-2016,340.679993,417.13800000000003,0.3748,2099.6
18-3-2016,341.709991,417.154,0.3743,2099.68
21-3-2016,340.820007,407.496,0.3743,2099.73
22-3-2016,340.299988,415.125,0.3743,2099.84
23-3-2016,340.070007,417.31800000000004,0.3753,2099.93
24-3-2016,335.100006,415.837,0.3745,2100.34
29-3-2016,336.790009,423.597,0.3755,2100.44
30-3-2016,341.179993,414.61300000000006,0.3772,2100.8
31-3-2016,337.540009,414.458,0.3831,2101.04
1-4-2016,333.149994,416.01199999999994,0.3791,2101.49
4-4-2016,334.48999,418.593,0.3794,2102.06
5-4-2016,328.149994,422.04400000000004,0.3777,2102.15
6-4-2016,330.649994,422.29499000000004,0.3782,2102.31
7-4-2016,328.100006,420.55300000000005,0.3782,2102.31
8-4-2016,331.859985,421.616,0.3775,2102.4
11-4-2016,332.869995,421.19199999999995,0.3792,2102.44
12-4-2016,334.640015,426.38300000000004,0.3792,2102.63
13-4-2016,343.059998,426.84399,0.3802,2102.95
14-4-2016,343.98999,425.494,0.3797,2103.84
15-4-2016,342.790009,426.279,0.3807,2104.05
18-4-2016,344.200012,429.31800000000004,0.3812,2104.18
19-4-2016,349.23999,428.522,0.3827,2104.2
20-4-2016,350.75,435.926,0.3822,2104.42
21-4-2016,349.589996,443.75800000000004,0.3817,2104.5
22-4-2016,348.459991,446.776,0.3812,2104.99
25-4-2016,346.679993,458.626,0.3812,2105.2
26-4-2016,347.309998,464.42900000000003,0.3807,2105.26
27-4-2016,348.320007,466.064,0.3802,2105.33
28-4-2016,348.899994,441.30400000000003,0.3827,2106.63
29-4-2016,341.480011,446.236,0.3837,2106.85
2-5-2016,341.23999,453.06699999999995,NaN,2107.39
3-5-2016,335.559998,443.681,0.3857,2107.4
4-5-2016,331.799988,449.157,0.3858,2107.78
6-5-2016,331.670013,447.58599000000004,0.385,2108.1
9-5-2016,333.22000099999997,458.708,0.385,2108.29
10-5-2016,336.23999,460.954,0.3845,2108.57
11-5-2016,334.73999,454.39399000000003,0.385,2108.58
12-5-2016,333.109985,451.155,0.385,2108.63
13-5-2016,334.679993,453.70099999999996,0.3855,2108.86
17-5-2016,334.72000099999997,454.278,0.386,2108.95
18-5-2016,337.579987,454.064,0.385,2109.41
19-5-2016,333.910004,453.494,0.384,2109.6
20-5-2016,338.01001,440.231,0.3845,2109.66
23-5-2016,336.690002,440.551,0.385,2109.79
24-5-2016,344.119995,444.48900000000003,0.385,2109.99
25-5-2016,348.559998,447.035,0.3861,2110.3
26-5-2016,348.910004,448.278,0.3861,2110.74
27-5-2016,349.640015,467.26199999999994,0.385,2111.72
31-5-2016,347.450012,537.2329900000001,0.3865,2111.73
1-6-2016,344.119995,528.0499900000001,0.3855,2112.13
2-6-2016,344.350006,538.568,0.3855,2112.93
3-6-2016,341.290009,537.185,0.3861,2113.32
6-6-2016,342.410004,578.8489900000001,0.3861,2113.86
7-6-2016,346.26001,585.399,0.3865,2114.07
8-6-2016,344.559998,576.226,0.3876,2114.15
9-6-2016,341.25,580.4359900000001,0.3856,2114.49
10-6-2016,332.920013,574.953,0.3861,2114.76
13-6-2016,326.799988,682.2260000000001,0.3855,2115.48
14-6-2016,320.52999900000003,695.155,0.3855,2115.48
15-6-2016,323.630005,685.442,0.385,2116.1
16-6-2016,321.290009,732.357,0.3855,2117.39
17-6-2016,325.77999900000003,773.25,0.3865,2117.69
20-6-2016,337.670013,758.903,0.3901,2119.12
21-6-2016,340.040009,702.696,0.3901,2119.21
22-6-2016,341.320007,657.013,0.3896,2120.79
23-6-2016,346.339996,581.249,0.3911,2121.1
24-6-2016,321.980011,657.0899900000001,0.3934,2121.24
27-6-2016,308.75,644.091,0.4001,2122.73
28-6-2016,316.700012,655.94399,0.4016,2122.85
29-6-2016,326.48999,634.357,0.4051,2123.48
30-6-2016,329.880005,635.0930000000001,0.4116,2124.2
1-7-2016,332.23999,683.293,0.4061,2124.29
5-7-2016,324.170013,679.3510000000001,0.4096,2125.77
6-7-2016,318.76001,676.872,0.4112,2125.85
7-7-2016,322.119995,671.814,0.4127,2126.06
8-7-2016,327.350006,640.476,0.4122,2126.15
11-7-2016,332.72000099999997,656.747,0.4137,2126.41
12-7-2016,336.26001,648.136,0.4122,2126.5
13-7-2016,335.829987,663.443,0.4127,2126.64
14-7-2016,338.5,654.018,0.4122,2127.02
15-7-2016,337.920013,663.638,0.4152,2127.81
18-7-2016,338.700012,681.2389999999999,0.4159,2127.83
19-7-2016,337.320007,673.832,0.4159,2128.28
20-7-2016,340.809998,673.008,0.4174,2129.2
21-7-2016,340.579987,662.034,0.4179,2129.9
22-7-2016,340.329987,666.747,0.4179,2130.82
25-7-2016,340.929993,660.284,0.4179,2131.52
26-7-2016,341.26001,655.418,0.4179,2132.55
27-7-2016,342.73999,650.8289900000001,0.4164,2132.98
28-7-2016,339.47000099999997,656.9159900000001,0.4159,2133.04
29-7-2016,341.890015,655.427,0.4129,2136.73
2-8-2016,335.47000099999997,601.227,0.4179,2139.12
3-8-2016,335.579987,555.9259999999999,0.4174,2139.16
4-8-2016,337.839996,578.5237400000001,0.4179,2139.18
5-8-2016,341.380005,570.33875,0.4189,2139.43
8-8-2016,341.52999900000003,589.66125,0.4189,2139.56
9-8-2016,344.670013,586.715,0.4188,2139.6
10-8-2016,343.980011,585.23875,0.4197,2139.76
11-8-2016,346.660004,594.81625,0.4202,2141.16
12-8-2016,346.089996,581.9625,0.4191,2141.34
15-8-2016,346.049988,571.9625,0.41889,2143.16
16-8-2016,343.320007,567.60749,0.41778,2144.29
17-8-2016,340.47000099999997,575.54125,0.41722,2146.1
18-8-2016,342.910004,572.3724900000001,0.41722,2147.26
19-8-2016,340.140015,573.01625,0.41556,2150.49
22-8-2016,340.429993,579.6675,0.41667,2151.13
23-8-2016,343.600006,585.5075,0.41778,2151.33
24-8-2016,344.929993,577.9874900000001,0.41833,2152.14
25-8-2016,342.019989,574.5825,0.41989,2152.43
26-8-2016,343.72000099999997,575.0625,0.41833,2153.74
29-8-2016,343.200012,574.4974900000001,NaN,2157.03
30-8-2016,344.75,571.94125,0.41944,2159.04
31-8-2016,343.52999900000003,573.78125,0.41944,2159.73
1-9-2016,343.660004,572.96,0.41611,2159.93
2-9-2016,350.440002,570.1,0.42044,2160.77
6-9-2016,349.459991,604.465,0.42044,2161.2
7-9-2016,350.459991,609.4325,0.42156,2161.74
8-9-2016,349.320007,613.6749900000001,0.42211,2163.12
9-9-2016,345.519989,623.6,0.42156,2163.26
12-9-2016,342.230011,604.8275,0.421,2163.66
13-9-2016,338.72000099999997,607.03625,0.421,2163.75
14-9-2016,338.420013,606.885,0.42211,2163.78
15-9-2016,340.339996,606.8975,0.42156,2163.79
16-9-2016,337.820007,605.52125,0.42044,2164.2
19-9-2016,341.269989,609.3724900000001,0.42156,2164.25
20-9-2016,341.0,606.7175,0.42211,2164.45
21-9-2016,342.459991,595.93375,0.42211,2164.69
22-9-2016,347.859985,596.225,0.42322,2165.17
23-9-2016,345.339996,595.0175,0.42322,2166.58
26-9-2016,340.0,598.9075,0.42433,2166.89
27-9-2016,340.190002,605.0175,0.42544,2167.48
28-9-2016,342.570007,602.885,0.42063,2168.27
29-9-2016,342.72000099999997,603.5812400000001,0.41989,2168.48
30-9-2016,342.920013,604.52125,0.42378,2169.04
3-10-2016,343.230011,611.88874,0.42267,2169.18
4-10-2016,346.100006,609.495,0.42433,2170.06
5-10-2016,344.200012,608.125,0.42822,2170.84
6-10-2016,342.820007,610.57,0.42878,2170.86
7-10-2016,339.640015,610.23375,0.42656,2170.95
10-10-2016,341.980011,615.91625,NaN,2171.37
11-10-2016,340.170013,618.3275,0.42767,2172.47
12-10-2016,338.559998,637.2162400000001,0.42878,2173.02
13-10-2016,335.619995,637.73625,0.431,2173.6
14-10-2016,339.950012,635.88375,0.43044,2175.03
17-10-2016,337.420013,636.635,0.43322,2175.44
18-10-2016,342.480011,637.01625,0.43322,2175.49
19-10-2016,343.640015,634.605,0.43378,2176.12
20-10-2016,344.290009,626.36875,0.43322,2176.94
21-10-2016,344.290009,629.6124900000001,0.43322,2177.18
24-10-2016,344.26001,647.69375,0.43211,2178.15
25-10-2016,343.070007,652.235,0.43433,2179.98
26-10-2016,341.76001,657.05625,0.43433,2180.38
27-10-2016,341.709991,684.3775,0.43489,2180.39
28-10-2016,340.799988,684.2975,0.43544,2180.89
31-10-2016,338.97000099999997,693.89625,0.43344,2181.3
1-11-2016,335.329987,708.955,0.43456,2181.74
2-11-2016,331.549988,725.6925,0.43733,2181.9
3-11-2016,331.559998,741.84875,0.43678,2182.22
4-11-2016,328.799988,701.21875,0.43511,2182.64
7-11-2016,333.839996,705.47125,0.43456,2182.87
8-11-2016,334.910004,706.13375,0.434,2183.87
9-11-2016,339.809998,728.36125,0.43233,2184.05
10-11-2016,338.880005,719.2525,0.43233,2185.79
11-11-2016,337.5,714.57125,NaN,2186.16
14-11-2016,338.230011,704.62125,0.43344,2186.48
15-11-2016,339.160004,711.39625,0.43289,2186.9
16-11-2016,338.47000099999997,710.9275,0.43289,2187.02
17-11-2016,340.600006,745.92625,0.43456,2187.12
18-11-2016,339.390015,738.665,0.43367,2190.15
21-11-2016,340.230011,730.365,0.43367,2191.08
22-11-2016,341.019989,734.84,0.43367,2191.95
23-11-2016,340.769989,745.97875,0.43422,2198.18
25-11-2016,342.450012,730.3125,0.43478,2198.81
28-11-2016,339.829987,731.9,0.43422,2201.72
29-11-2016,340.950012,731.12625,0.43422,2202.94
30-11-2016,341.98999,731.64,0.43056,2204.66
1-12-2016,340.859985,744.1025,0.43422,2204.71
2-12-2016,339.359985,766.5925,0.43478,2204.72
5-12-2016,341.269989,760.1,0.43478,2212.23
6-12-2016,344.570007,754.82625,0.43422,2213.35
7-12-2016,347.700012,758.35375,0.43367,2237.4
8-12-2016,351.959991,763.23625,0.43311,2238.83
9-12-2016,355.380005,766.8725,0.43422,2241.35
12-12-2016,353.73999,769.8275,0.437,2246.19
13-12-2016,357.5,774.38625,0.437,2249.26
14-12-2016,355.72000099999997,778.35625,0.43867,2249.92
15-12-2016,358.790009,776.9825,0.67889,2253.28
16-12-2016,360.019989,776.415,0.68389,2256.96
19-12-2016,359.589996,791.0,0.68111,2257.83
20-12-2016,361.320007,789.2325,0.68378,2258.07
21-12-2016,360.559998,805.79625,0.686,2259.53
22-12-2016,359.820007,842.63875,0.68656,2260.96
23-12-2016,359.980011,910.9325,0.69378,2262.03
27-12-2016,360.480011,900.36625,NaN,2262.53
28-12-2016,361.52999900000003,948.89875,0.68656,2263.69
29-12-2016,360.26001,971.645,0.68822,2263.79
30-12-2016,361.420013,954.84375,0.69211,2265.18
3-1-2017,365.709991,1028.33375,0.69544,2265.2
4-1-2017,365.26001,1047.09999,0.69044,2267.89
5-1-2017,365.640015,1140.385,0.69222,2268.88
6-1-2017,365.450012,985.93875,0.691,2268.9
9-1-2017,363.670013,889.33875,0.693,2268.9
10-1-2017,364.070007,905.22625,0.69333,2269.0
11-1-2017,364.899994,910.60625,0.69278,2270.44
12-1-2017,362.51001,772.66125,0.69278,2270.75
13-1-2017,365.940002,784.89375,0.69278,2270.76
17-1-2017,362.420013,848.58125,0.69,2271.31
18-1-2017,363.070007,890.29375,0.68944,2271.72
19-1-2017,362.850006,888.0625,0.69,2271.89
20-1-2017,362.579987,896.16375,0.68833,2274.64
23-1-2017,361.01001,920.365,0.68889,2275.32
24-1-2017,361.920013,912.2125,0.68833,2276.98
25-1-2017,366.589996,898.55,0.68833,2278.87
26-1-2017,367.5,901.05,0.68722,2279.55
27-1-2017,366.380005,912.84375,0.69,2280.07
30-1-2017,362.549988,916.91125,0.69167,2280.85
31-1-2017,360.119995,921.35125,0.69,2280.9
1-2-2017,363.200012,973.065,0.69111,2292.56
2-2-2017,361.950012,982.8275,0.68833,2293.08
3-2-2017,364.070007,1020.09,0.69278,2294.67
6-2-2017,361.600006,1019.3125,0.68833,2294.69
7-2-2017,362.73999,1029.40875,0.68778,2296.68
8-2-2017,363.940002,1067.70875,0.68667,2297.42
9-2-2017,366.790009,1072.205,0.68667,2298.37
10-2-2017,367.390015,974.95875,0.68778,2304.92
13-2-2017,370.130005,1004.85375,0.68722,2307.87
14-2-2017,370.200012,994.58,0.68722,2316.1
15-2-2017,371.47000099999997,1003.59,0.68556,2328.25
16-2-2017,370.100006,1018.41125,0.68611,2328.95
17-2-2017,370.22000099999997,1038.86625,0.68611,2337.58
21-2-2017,373.399994,1079.5825,0.68611,2338.17
22-2-2017,373.380005,1112.86375,0.68333,2341.59
23-2-2017,372.850006,1122.515,0.68333,2342.19
24-2-2017,370.01001,1193.501,0.68278,2343.98
27-2-2017,369.519989,1189.366,0.68333,2344.02
28-2-2017,370.23999,1189.9469900000001,0.68056,2344.93
1-3-2017,375.690002,1193.611,0.68167,2345.96
2-3-2017,375.609985,1221.05,0.68278,2347.22
3-3-2017,375.230011,1269.776,0.68278,2348.45
6-3-2017,373.269989,1273.24699,0.68278,2348.69
7-3-2017,372.269989,1280.30499,0.68278,2349.01
8-3-2017,372.579987,1206.357,0.68211,2349.25
9-3-2017,372.890015,1153.06,0.68211,2351.1
10-3-2017,373.230011,1200.557,0.68189,2351.16
13-3-2017,374.640015,1235.553,0.68278,2352.95
14-3-2017,373.459991,1242.806,0.68689,2353.78
15-3-2017,375.100006,1245.892,0.68667,2355.54
16-3-2017,377.730011,1247.67099,0.92578,2355.84
17-3-2017,378.320007,1126.0819900000001,0.92422,2357.03
20-3-2017,377.679993,1036.226,0.92644,2357.16
21-3-2017,375.670013,1065.481,0.92533,2357.49
22-3-2017,374.02999900000003,1091.333,0.92667,2358.57
23-3-2017,377.200012,1036.099,0.92611,2358.84
24-3-2017,376.51001,1013.8439999999999,0.92667,2360.16
27-3-2017,375.01001,968.293,0.92444,2361.13
28-3-2017,377.299988,1035.3219900000001,0.925,2362.72
29-3-2017,378.52999900000003,1011.9689999999999,0.92556,2362.82
30-3-2017,380.459991,1041.374,0.92667,2362.98
31-3-2017,381.140015,1048.86299,0.92167,2363.64
3-4-2017,379.290009,1140.037,0.92722,2363.81
4-4-2017,380.02999900000003,1148.0919999999999,0.93,2364.87
5-4-2017,380.089996,1139.86,0.93111,2365.38
6-4-2017,380.769989,1150.685,0.93,2365.45
7-4-2017,381.26001,1177.2839999999999,0.93056,2365.72
10-4-2017,381.25,1213.8010000000002,0.92722,2367.34
11-4-2017,381.179993,1206.74,0.92722,2368.06
12-4-2017,381.899994,1226.896,0.92778,2368.39
13-4-2017,380.579987,1216.269,0.92611,2369.75
18-4-2017,376.350006,1211.73799,0.93,2373.47
19-4-2017,377.23999,1218.6660000000002,0.93,2373.47
20-4-2017,378.059998,1227.981,0.92944,2374.15
21-4-2017,378.119995,1261.702,0.92944,2375.31
24-4-2017,386.089996,1243.43,0.92667,2378.25
25-4-2017,386.910004,1251.5775,0.92833,2381.38
26-4-2017,388.730011,1269.69625,0.93028,2381.73
27-4-2017,387.790009,1289.7475,0.93056,2381.92
28-4-2017,387.089996,1335.825,0.92944,2383.12
2-5-2017,389.52999900000003,1416.61,0.92667,2385.26
3-5-2017,389.369995,1448.88625,0.92722,2386.13
4-5-2017,391.980011,1506.7725,0.92778,2387.45
5-5-2017,394.540009,1543.31,0.92778,2388.13
8-5-2017,394.040009,1564.065,0.92778,2388.33
9-5-2017,395.809998,1644.72875,0.92722,2388.61
10-5-2017,396.450012,1695.83125,0.92833,2388.77
11-5-2017,394.390015,1748.35375,0.92833,2389.52
12-5-2017,395.630005,1774.52,0.92833,2390.9
15-5-2017,395.97000099999997,1747.04375,0.92889,2391.17
16-5-2017,395.910004,1665.0325,0.92833,2394.02
17-5-2017,391.140015,1744.44125,0.92833,2394.44
18-5-2017,389.190002,1796.89625,0.92778,2395.96
19-5-2017,391.51001,1913.13875,0.92889,2396.92
22-5-2017,391.140015,2114.98875,0.92889,2398.1
23-5-2017,392.019989,2196.66874,0.93056,2398.42
24-5-2017,392.369995,2348.55249,0.93056,2399.29
26-5-2017,391.350006,2460.95375,0.93,2399.63
30-5-2017,390.5,2315.73625,0.93111,2400.67
31-5-2017,389.98999,2170.98124,0.92889,2402.32
1-6-2017,391.660004,2402.125,0.93111,2404.39
2-6-2017,392.549988,2477.1725,0.93111,2409.39
6-6-2017,389.399994,2855.03,0.93056,2411.8
7-6-2017,389.179993,2900.8525,0.93111,2412.91
8-6-2017,389.149994,2737.9025,0.93056,2415.07
9-6-2017,390.390015,2826.03875,0.93111,2415.82
12-6-2017,386.619995,3007.0125,0.93111,2416.62
13-6-2017,388.75,2697.0775,0.93111,2419.38
14-6-2017,387.579987,2780.1825,0.93111,2419.7
15-6-2017,386.049988,2518.54875,1.175,2423.41
16-6-2017,388.600006,2438.6174899999996,1.17722,2425.18
19-6-2017,391.940002,2611.6799899999996,1.17667,2425.53
20-6-2017,389.209991,2667.5475,1.17611,2425.55
21-6-2017,388.5,2805.0975,1.17722,2427.43
22-6-2017,388.52999900000003,2702.00375,1.17722,2428.37
23-6-2017,387.619995,2763.29125,1.17667,2429.01
26-6-2017,389.049988,2630.59499,1.17611,2429.33
27-6-2017,385.980011,2513.4299899999996,1.17611,2429.39
28-6-2017,385.820007,2556.1675,1.17667,2430.01
29-6-2017,380.660004,2591.2675,1.17333,2430.06
30-6-2017,379.369995,2547.3225,1.16167,2431.77
3-7-2017,383.410004,2513.74125,1.17167,2432.46
5-7-2017,382.98999,2588.67875,1.17389,2432.54
6-7-2017,380.429993,2634.17375,1.17389,2433.14
7-7-2017,380.179993,2598.57,1.17389,2433.15
10-7-2017,381.640015,2524.12624,1.17444,2433.79
11-7-2017,379.149994,2352.265,1.17722,2434.5
12-7-2017,384.899994,2292.91375,1.17833,2435.61
13-7-2017,386.140015,2437.55375,1.17833,2436.1
14-7-2017,386.839996,2337.67875,1.17722,2437.03
17-7-2017,386.859985,1986.9425,1.17778,2437.92
18-7-2017,382.579987,2189.23999,1.17722,2438.21
19-7-2017,385.540009,2354.8925,1.17889,2438.3
20-7-2017,384.070007,2349.355,1.17889,2438.97
21-7-2017,380.160004,2740.56875,1.17889,2439.07
24-7-2017,379.230011,2772.3675,1.17889,2439.07
25-7-2017,380.769989,2768.8025,1.18,2440.35
26-7-2017,382.73999,2540.20874,1.17778,2440.69
27-7-2017,382.320007,2570.195,1.17722,2441.32
28-7-2017,378.339996,2699.72125,1.17833,2443.05
31-7-2017,377.850006,2718.6175,1.17611,2443.25
2-8-2017,378.630005,2739.70875,1.17722,2444.24
3-8-2017,378.929993,2740.07125,1.17722,2446.3
4-8-2017,382.52999900000003,2811.71,1.17778,2447.33
7-8-2017,382.01001,3274.6375,1.17722,2447.83
8-8-2017,382.649994,3474.7625,1.17778,2447.89
9-8-2017,379.839996,3416.185,1.17778,2452.51
10-8-2017,376.049988,3364.41125,1.17778,2453.46
11-8-2017,372.140015,3451.8525,1.17778,2457.59
14-8-2017,376.160004,4036.7575,1.17778,2457.85
15-8-2017,376.5,4462.67625,1.17778,2459.14
16-8-2017,379.089996,4118.9025,1.17889,2459.27
17-8-2017,376.869995,4322.42125,1.17778,2460.61
18-8-2017,374.200012,4311.685,1.17722,2461.43
21-8-2017,372.72000099999997,4110.94125,1.17778,2464.61
22-8-2017,375.799988,3911.27625,1.17778,2465.1
23-8-2017,373.920013,4162.79249,1.17778,2465.54
24-8-2017,374.51001,4178.75625,1.17778,2465.84
25-8-2017,374.070007,4396.03125,1.17778,2467.42
28-8-2017,372.290009,4340.46,NaN,2467.7
29-8-2017,368.420013,4442.6575,1.17833,2468.11
30-8-2017,371.01001,4664.64375,1.17778,2469.91
31-8-2017,373.880005,4676.1425,1.17556,2470.3
1-9-2017,376.140015,4783.17,1.17722,2470.5
5-9-2017,373.709991,4160.535,1.17778,2471.65
6-9-2017,373.950012,4517.57,1.17611,2472.1
7-9-2017,374.950012,4543.1025,1.17611,2472.16
8-9-2017,375.51001,4628.6025,1.17722,2472.54
11-9-2017,379.429993,4307.82625,1.17778,2473.45
12-9-2017,381.420013,4295.76124,1.17778,2473.83
13-9-2017,381.339996,3944.58375,1.17722,2474.02
14-9-2017,381.790009,3817.0575,1.17889,2474.92
15-9-2017,380.709991,3358.10875,1.17889,2475.42
18-9-2017,381.950012,3764.6175,1.17889,2475.56
19-9-2017,382.119995,3976.3875,1.17889,2476.35
20-9-2017,381.980011,3863.18625,1.17889,2476.55
21-9-2017,382.880005,3827.685,1.17889,2476.83
22-9-2017,383.22000099999997,3690.99125,1.17889,2477.13
25-9-2017,383.899994,3753.435,1.17833,2477.57
26-9-2017,384.02999900000003,3920.99125,1.17833,2477.83
27-9-2017,385.619995,3939.515,1.18,2480.64
28-9-2017,386.359985,4220.28,1.18111,2480.91
29-9-2017,388.160004,4062.20375,1.18167,2485.74
2-10-2017,390.130005,4414.1775,1.18,2488.11
3-10-2017,390.72000099999997,4424.4725,1.18056,2488.65
4-10-2017,390.399994,4307.555,1.18222,2488.83
5-10-2017,391.02999900000003,4186.78374,1.18222,2495.62
6-10-2017,389.47000099999997,4325.23625,1.18222,2496.48
9-10-2017,390.209991,4624.34875,NaN,2496.66
10-10-2017,390.160004,4789.30125,1.18167,2496.84
11-10-2017,390.149994,4741.70875,1.18333,2498.37
12-10-2017,390.27999900000003,4858.60499,1.18444,2500.23
13-10-2017,391.420013,5728.5475,1.18444,2500.6
16-10-2017,391.410004,5607.01,1.18444,2502.22
17-10-2017,390.440002,5643.55375,1.18444,2503.87
18-10-2017,391.559998,5495.03875,1.18444,2506.65
19-10-2017,389.109985,5627.08625,1.185,2506.85
20-10-2017,390.130005,5686.52625,1.18444,2506.96
23-10-2017,390.73999,5969.795,1.18444,2507.04
24-10-2017,389.329987,5649.005,1.18444,2508.24
25-10-2017,387.130005,5550.85875,1.18444,2510.03
26-10-2017,391.269989,5776.87875,1.18444,2510.06
27-10-2017,393.429993,5923.70625,1.18444,2519.36
30-10-2017,393.910004,6151.325,1.185,2526.9
31-10-2017,395.22000099999997,6130.56375,1.18222,2529.12
1-11-2017,396.769989,6424.515,1.18222,2529.19
2-11-2017,394.940002,6879.365,1.18389,2531.94
3-11-2017,396.059998,7199.2375,1.18444,2534.58
6-11-2017,396.589996,7231.93,1.18389,2537.74
7-11-2017,394.649994,7123.89375,1.18389,2541.47
8-11-2017,394.450012,7356.50625,1.18333,2544.73
9-11-2017,390.070007,7342.82375,1.18333,2545.94
10-11-2017,388.690002,7250.77,1.18333,2546.16
13-11-2017,386.130005,5969.13,1.18278,2549.33
14-11-2017,383.859985,6666.27125,1.18278,2549.69
15-11-2017,381.959991,6867.42625,1.18278,2550.64
16-11-2017,384.929993,7259.3,1.18278,2550.93
17-11-2017,383.799988,7924.1825,1.18278,2552.07
20-11-2017,386.390015,7954.7675,1.18278,2553.17
21-11-2017,388.100006,7879.06,1.18278,2555.24
22-11-2017,387.059998,8150.6325,1.18278,2557.15
24-11-2017,386.630005,8094.445,1.18375,2557.64
27-11-2017,384.869995,9573.9675,1.18375,2559.36
28-11-2017,387.019989,9713.09625,1.185,2560.4
29-11-2017,387.959991,10295.6225,1.18625,2561.26
30-11-2017,386.690002,10542.6625,1.18,2562.1
1-12-2017,383.97000099999997,9706.10375,1.1825,2564.62
4-12-2017,387.47000099999997,11382.20875,1.1825,2564.98
5-12-2017,386.73999,11597.23125,1.1825,2569.13
6-12-2017,386.320007,12230.365,1.1825,2572.83
7-12-2017,386.410004,13734.52,1.1825,2574.41
8-12-2017,389.25,16403.42125,1.1825,2575.21
11-12-2017,389.049988,16299.2975,1.1825,2575.26
12-12-2017,391.630005,16374.8975,1.1825,2578.85
13-12-2017,390.700012,16678.28749,1.1825,2578.87
14-12-2017,388.910004,16246.13875,1.4275,2579.36
15-12-2017,388.190002,17221.65125,1.43313,2579.85
18-12-2017,392.660004,18640.2625,1.43313,2581.0
19-12-2017,391.019989,18984.7675,1.43313,2581.07
20-12-2017,388.369995,16862.57125,1.43438,2581.88
21-12-2017,390.690002,16925.0175,1.43438,2582.14
22-12-2017,390.27999900000003,14182.46499,1.43438,2582.3
27-12-2017,390.540009,15846.07375,1.435,2584.59
28-12-2017,389.540009,14362.40375,1.4375,2584.62
29-12-2017,389.179993,14867.5725,1.42875,2584.84
3-1-2018,390.22000099999997,14881.545,1.43875,2585.64
4-1-2018,393.679993,15104.45,1.4375,2587.84
5-1-2018,397.350006,14953.8525,1.4375,2588.26
8-1-2018,398.410004,15632.41125,1.4375,2590.64
9-1-2018,400.109985,15242.93625,1.4375,2591.13
10-1-2018,398.600006,14122.825,1.43625,2594.38
11-1-2018,397.25,13269.5975,1.4375,2596.26
12-1-2018,398.48999,13633.36375,1.4375,2596.64
16-1-2018,398.350006,12915.11625,1.43875,2597.08
17-1-2018,397.97000099999997,10870.16875,1.4375,2599.03
18-1-2018,398.730011,11340.65,1.4375,2599.95
19-1-2018,400.880005,11137.36875,1.4375,2601.42
22-1-2018,402.109985,11508.62,1.4375,2602.42
23-1-2018,402.809998,10872.9025,1.4375,2604.47
24-1-2018,400.790009,10830.9275,1.4375,2605.0
25-1-2018,398.559998,11629.375,1.43813,2610.3
26-1-2018,400.570007,11524.345,1.43813,2612.62
29-1-2018,399.799988,11412.79375,1.43938,2613.16
30-1-2018,396.119995,10917.15125,1.43938,2614.45
31-1-2018,395.459991,9914.4725,1.43938,2616.1
1-2-2018,393.48999,9970.30875,1.44375,2619.55
2-2-2018,388.070007,8715.594990000001,1.44375,2626.07
5-2-2018,382.0,8136.39,1.43938,2626.65
6-2-2018,372.790009,6332.37,1.43875,2627.04
7-2-2018,380.130005,7270.5075,1.43875,2629.27
8-2-2018,374.02999900000003,7987.28125,1.43875,2629.57
9-2-2018,368.609985,8086.7725,1.44,2629.73
12-2-2018,372.929993,8478.924990000001,1.4425,2630.07
13-2-2018,370.579987,8766.8525,1.44375,2632.56
14-2-2018,374.52999900000003,8693.2525,1.44375,2632.9
15-2-2018,376.51001,9659.2875,1.44375,2633.08
16-2-2018,380.619995,10110.83875,1.445,2634.56
20-2-2018,380.51001,11416.03875,1.445,2635.67
21-2-2018,381.100006,10928.02,1.445,2635.96
22-2-2018,380.339996,10727.9525,1.44438,2636.78
23-2-2018,381.160004,9809.72125,1.44813,2636.98
26-2-2018,383.059998,9627.71625,1.4475,2637.72
27-2-2018,382.359985,10272.9025,1.4475,2638.7
28-2-2018,379.630005,10903.01875,1.4425,2639.4
1-3-2018,374.859985,10352.04625,1.44625,2639.44
2-3-2018,367.040009,11100.2925,1.4475,2640.0
5-3-2018,370.869995,11558.475,1.4475,2640.87
6-3-2018,371.369995,11246.7475,1.44688,2641.25
7-3-2018,372.709991,10735.88625,1.44688,2641.89
8-3-2018,376.619995,9552.75875,1.44688,2642.19
9-3-2018,378.23999,8980.192490000001,1.44688,2642.22
12-3-2018,379.200012,9433.473740000001,1.445,2642.33
13-3-2018,375.48999,9047.5125,1.445,2643.69
14-3-2018,374.940002,9260.70875,1.445,2643.85
15-3-2018,376.880005,7895.98875,1.445,2644.69
16-3-2018,377.709991,8039.6025,1.44625,2647.58
19-3-2018,373.679993,8189.49125,1.4475,2648.05
20-3-2018,375.570007,8597.3375,1.4475,2648.94
21-3-2018,374.959991,9028.2975,1.44875,2649.93
22-3-2018,369.149994,9023.7175,1.6975,2650.54
23-3-2018,365.820007,8411.6525,1.6975,2651.07
26-3-2018,363.179993,8429.331240000001,1.6975,2651.5
27-3-2018,367.570007,7854.6375,1.6975,2652.01
28-3-2018,369.26001,7863.255,1.69875,2654.8
29-3-2018,370.869995,7866.36,1.69688,2656.0
3-4-2018,369.070007,7182.12,1.69938,2656.3
4-4-2018,367.329987,7295.89,1.70188,2656.87
5-4-2018,376.130005,6769.48375,1.70313,2658.55
6-4-2018,374.820007,6766.5925,1.70313,2658.69
9-4-2018,375.299988,7125.53875,1.70188,2659.41
10-4-2018,378.420013,6789.2675,1.70188,2659.99
11-4-2018,376.179993,6824.49375,1.70188,2662.84
12-4-2018,378.820007,6941.63875,1.70313,2662.85
13-4-2018,379.200012,7823.55875,1.70188,2662.94
16-4-2018,377.73999,8160.4125,1.70125,2663.42
17-4-2018,380.769989,8030.57,1.70375,2663.68
18-4-2018,381.859985,7937.61,1.705,2663.99
19-4-2018,381.950012,8188.71875,1.70313,2664.11
20-4-2018,381.839996,8333.813740000001,1.70313,2664.76
23-4-2018,383.179993,8868.161240000001,1.70313,2666.94
24-4-2018,383.109985,9191.82,1.70313,2669.91
25-4-2018,380.170013,9373.3025,1.70313,2670.14
26-4-2018,383.75,8807.515,1.70313,2670.29
27-4-2018,384.640015,9153.64125,1.70438,2670.71
30-4-2018,385.320007,9268.7175,1.70369,2671.92
2-5-2018,387.440002,9029.47875,1.70438,2673.45
3-5-2018,384.619995,9228.8525,1.70438,2673.61
4-5-2018,387.02999900000003,9572.69875,1.70563,2675.81
7-5-2018,389.51001,9326.76125,NaN,2677.67
8-5-2018,390.0,9424.991240000001,1.705,2677.84
9-5-2018,392.440002,9039.02875,1.705,2679.25
11-5-2018,392.399994,8920.25625,1.70625,2681.05
14-5-2018,392.190002,8398.862490000001,1.705,2681.47
15-5-2018,392.369995,8711.38875,1.705,2681.66
16-5-2018,393.209991,8159.25625,1.70538,2682.17
17-5-2018,395.790009,8360.22875,1.706,2682.62
18-5-2018,394.670013,7996.82125,1.70725,2682.63
22-5-2018,396.940002,8324.025,1.7085,2684.57
23-5-2018,392.579987,7951.51375,1.70788,2687.54
24-5-2018,390.540009,7614.96375,1.7085,2689.86
25-5-2018,391.079987,7599.9525,1.70725,2690.16
29-5-2018,384.47000099999997,7118.42375,1.7085,2690.73
30-5-2018,385.48999,7491.61125,1.71163,2691.25
31-5-2018,383.059998,7363.27625,1.71163,2693.13
1-6-2018,386.910004,7490.62125,1.712,2695.14
4-6-2018,388.109985,7716.145068000001,1.712,2695.81
5-6-2018,386.890015,7505.589276999999,1.712,2695.95
6-6-2018,386.880005,7624.187970999999,1.7135,2697.79
7-6-2018,385.940002,7658.57,1.71438,2698.63
8-6-2018,385.119995,7684.93,1.715,2699.63
11-6-2018,387.940002,6770.31,1.71463,2700.06
12-6-2018,387.52999900000003,6780.340803,1.71325,2701.33
13-6-2018,388.25,6525.329182,1.71263,2701.58
14-6-2018,393.040009,6321.655965,1.93563,2703.96
15-6-2018,389.130005,6601.324157999999,1.92563,2704.1
18-6-2018,385.910004,6482.868697,1.9255,2705.27
19-6-2018,383.209991,6711.649670000001,1.92888,2705.57
20-6-2018,384.290009,6731.710147,1.93038,2706.05
21-6-2018,380.850006,6736.867721,1.92788,2706.39
22-6-2018,385.01001,6729.925937000001,1.928,2706.53
25-6-2018,377.170013,6142.39257,1.93163,2707.88
26-6-2018,377.25,6244.328455,1.935,2708.64
27-6-2018,379.97000099999997,6148.422705,1.93375,2709.8
28-6-2018,376.869995,6140.1915,1.93325,2711.02
29-6-2018,379.929993,5954.526582,1.93538,2711.45
2-7-2018,376.75,6373.277854,1.92975,2711.74
3-7-2018,379.809998,6629.749595,1.92813,2711.93
5-7-2018,381.589996,6589.632793,1.92813,2712.92
6-7-2018,382.359985,6538.682432,1.92563,2712.97
9-7-2018,384.589996,6744.988679000001,1.92588,2713.06
10-7-2018,386.25,6694.5308509999995,1.91925,2713.22
11-7-2018,381.399994,6364.38759,1.91825,2713.83
12-7-2018,384.369995,6360.446668,1.91763,2716.26
13-7-2018,385.02999900000003,6144.810118,1.91763,2716.31
16-7-2018,384.049988,6366.349904,1.91263,2716.94
17-7-2018,384.980011,6671.625919,1.91825,2717.07
18-7-2018,387.059998,7315.55104,1.91325,2718.37
19-7-2018,386.179993,7359.737018000001,1.91225,2720.13
20-7-2018,385.619995,7484.6396700000005,1.9135,2720.94
23-7-2018,384.880005,7411.200525,1.91838,2721.33
24-7-2018,388.179993,7730.24748,1.91413,2722.18
25-7-2018,387.170013,8325.801534,1.91488,2722.46
26-7-2018,390.52999900000003,8271.59792,1.91725,2723.06
27-7-2018,392.079987,7925.247396,1.91163,2723.06
30-7-2018,390.920013,8201.89009,1.916,2723.07
31-7-2018,391.609985,8166.388359999999,1.91538,2723.99
2-8-2018,386.640015,7588.586179999999,1.92025,2724.44
3-8-2018,389.160004,7547.314951,1.915,2724.87
6-8-2018,388.660004,7411.515299,1.92,2726.22
7-8-2018,390.48999,7402.336634,1.91338,2726.71
8-8-2018,389.690002,6748.441484,1.91625,2726.8
9-8-2018,390.049988,6460.153155,1.91625,2727.72
10-8-2018,385.859985,6482.973449,1.9125,2727.76
13-8-2018,384.910004,6338.7389570000005,1.9125,2728.12
14-8-2018,384.920013,6260.192995,1.91325,2728.37
15-8-2018,379.700012,6123.447601,1.91375,2730.13
16-8-2018,381.429993,6332.6069,1.92,2730.2
17-8-2018,381.059998,6273.88807,1.91688,2731.2
20-8-2018,383.230011,6516.668382,1.9175,2731.61
21-8-2018,384.149994,6299.3953329999995,1.91963,2732.22
22-8-2018,384.019989,6470.733567,1.91775,2733.01
23-8-2018,383.380005,6355.881809,1.91813,2733.29
24-8-2018,383.559998,6503.832362,1.91888,2734.62
27-8-2018,385.570007,6689.822682999999,NaN,2736.27
28-8-2018,385.459991,6756.628926,1.91488,2736.56
29-8-2018,386.579987,7084.293617,1.91538,2736.61
30-8-2018,385.359985,7059.231234999999,1.92,2737.7
31-8-2018,382.26001,6938.914581999999,1.91488,2737.8
4-9-2018,379.829987,7260.251593000001,1.91363,2738.31
5-9-2018,375.679993,7361.271864,1.91875,2738.97
6-9-2018,373.47000099999997,6913.115013,1.91838,2740.37
7-9-2018,373.769989,6471.493884,1.91875,2740.69
10-9-2018,375.51001,6253.937201,1.91913,2741.38
11-9-2018,375.309998,6275.083132,1.91513,2743.07
12-9-2018,377.079987,6275.669588000001,1.919,2743.15
13-9-2018,376.519989,6277.494409,1.91988,2743.79
14-9-2018,377.850006,6283.1842,1.91513,2744.28
17-9-2018,378.309998,6281.409356,1.91463,2744.45
18-9-2018,378.730011,6273.220083,1.91888,2744.73
19-9-2018,379.980011,6278.595486,1.91863,2745.73
20-9-2018,382.630005,6282.610727,1.91738,2746.56
21-9-2018,384.290009,6288.07017,1.92088,2746.87
24-9-2018,382.140015,6289.621327000001,1.918,2747.3
25-9-2018,383.890015,6466.994564,1.91625,2747.33
26-9-2018,385.040009,6391.385981,1.92525,2747.71
27-9-2018,386.380005,6509.776621,2.17388,2748.23
28-9-2018,383.179993,6698.416047,2.17138,2748.8
1-10-2018,383.940002,6647.387947,2.17075,2748.93
2-10-2018,381.940002,6603.754342,2.17725,2749.48
3-10-2018,383.839996,6576.354229,2.16813,2749.76
4-10-2018,379.679993,6481.24577,2.16525,2749.98
5-10-2018,376.410004,6594.935786,2.17175,2750.79
8-10-2018,372.209991,6591.686318,NaN,2751.29
9-10-2018,372.929993,6662.8685,2.1655,2752.01
10-10-2018,366.929993,6663.021071,2.172,2752.06
11-10-2018,359.649994,6619.495845,2.17225,2753.03
12-10-2018,358.950012,6285.859203,2.16938,2754.88
15-10-2018,359.309998,6361.417015999999,2.17725,2755.45
16-10-2018,364.98999,6721.587503,2.17638,2755.88
17-10-2018,363.540009,6724.833078000001,2.176,2759.82
18-10-2018,361.670013,6444.74701,2.17025,2760.17
19-10-2018,361.23999,6374.648863,2.17113,2761.63
22-10-2018,359.73999,6412.5304909999995,2.17063,2762.13
23-10-2018,354.059998,6396.8801539999995,2.17388,2762.59
24-10-2018,353.269989,6396.252324,2.17513,2765.31
25-10-2018,355.070007,6407.667175,2.17425,2767.13
26-10-2018,352.339996,6405.500726,2.17675,2767.32
29-10-2018,355.51001,6266.189683,2.17888,2767.56
31-10-2018,361.609985,6276.4645,2.173,2768.78
1-11-2018,363.079987,6341.094813000001,2.17538,2770.37
2-11-2018,364.079987,6360.141272,2.17463,2771.45
5-11-2018,363.5,6396.352124,2.17525,2772.35
6-11-2018,362.549988,6425.917802,2.17663,2773.75
8-11-2018,367.079987,6412.524289,2.17988,2774.88
9-11-2018,365.73999,6343.632504,2.175,2775.6
13-11-2018,364.440002,6282.438677,2.17788,2776.42
14-11-2018,362.269989,5524.801093,2.17575,2779.03
15-11-2018,358.429993,5511.152834,2.17938,2779.6
19-11-2018,355.109985,5553.014895,2.18075,2779.76
20-11-2018,351.059998,4246.312774,2.17288,2781.01
21-11-2018,355.070007,4478.299558,2.1805,2782.0
23-11-2018,353.980011,4329.91722,2.177,2782.49
26-11-2018,358.329987,3640.5571649999997,2.183,2783.02
28-11-2018,357.390015,4174.319972,2.1825,2783.3
30-11-2018,357.48999,3952.4478950000002,2.1775,2784.17
3-12-2018,361.179993,3847.0327369999995,2.18188,2784.49
4-12-2018,358.429993,3889.2921200000005,2.17613,2784.7
6-12-2018,343.309998,3578.2066240000004,2.18238,2785.68
7-12-2018,345.450012,3391.874146,2.18088,2786.24
11-12-2018,344.179993,3360.946628,2.18213,2786.85
12-12-2018,350.0,3414.8337490000004,2.18475,2788.86
13-12-2018,349.420013,3263.547913,2.18438,2789.65
14-12-2018,347.209991,3212.207081,2.18475,2789.82
17-12-2018,343.26001,3478.4612030000003,2.18125,2790.37
18-12-2018,340.459991,3562.894946,2.18025,2791.52
19-12-2018,341.519989,3709.3167590000003,2.18175,2792.38
20-12-2018,336.579987,4065.799953,2.38788,2792.67
21-12-2018,336.670013,3824.7397939999996,2.39163,2792.81
27-12-2018,329.579987,3587.198223,2.391,2796.11
28-12-2018,336.230011,3865.5293,2.39238,2797.8
3-1-2019,333.920013,3882.304754,2.39188,2798.36
4-1-2019,343.380005,3795.5927409999995,2.394,2798.43
7-1-2019,342.880005,4014.133187,2.39275,2799.31
8-1-2019,345.850006,3989.6317409999997,2.39125,2799.55
9-1-2019,347.700012,3992.986144,2.39075,2800.71
10-1-2019,348.880005,3995.325193,2.39413,2801.31
11-1-2019,349.200012,3617.346291,2.38938,2801.83
14-1-2019,347.51001,3497.6693920000002,2.39013,2802.39
15-1-2019,348.709991,3654.347067,2.38675,2802.56
16-1-2019,350.589996,3568.7512590000006,2.38488,2802.6
17-1-2019,350.730011,3593.72174,2.38463,2803.27
18-1-2019,357.049988,3623.7173369999996,2.38388,2803.69
22-1-2019,355.089996,3528.463529,2.37563,2804.49
23-1-2019,354.890015,3581.551947,2.38413,2805.37
24-1-2019,355.670013,3549.7707990000004,2.3845,2806.83
25-1-2019,357.839996,3562.920476,2.38475,2806.98
28-1-2019,354.380005,3539.620947,2.38488,2808.48
29-1-2019,357.230011,3425.262161,2.38438,2809.21
30-1-2019,358.51001,3395.018645,2.38388,2809.55
31-1-2019,358.670013,3441.0322149999997,2.3835,2809.92
1-2-2019,359.709991,3420.6332270000003,2.374,2810.3
4-2-2019,359.920013,3404.4993130000003,2.38413,2810.92
5-2-2019,364.98999,3412.2304310000004,2.38238,2811.87
6-2-2019,365.519989,3419.7678990000004,2.38325,2813.36
7-2-2019,360.079987,3367.519032,2.38313,2813.89
8-2-2019,358.070007,3360.534076,2.38575,2815.44
11-2-2019,361.119995,3621.154003,2.38625,2815.62
12-2-2019,362.77999900000003,3593.1831770000003,2.3835,2816.29
13-2-2019,364.97000099999997,3579.3418810000003,2.38438,2818.37
14-2-2019,363.799988,3569.5548329999997,2.38275,2818.46
15-2-2019,368.940002,3558.3968579999996,2.387,2818.82
19-2-2019,368.97000099999997,3865.3181649999997,2.378,2820.0
20-2-2019,371.459991,3904.4829200000004,2.38463,2820.4
21-2-2019,370.410004,3924.7398439999997,2.3825,2821.93
22-2-2019,371.230011,3889.7584850000003,2.38788,2821.98
25-2-2019,372.179993,3763.6205159999995,2.38863,2822.24
26-2-2019,373.640015,3819.8653409999997,2.38863,2822.43
27-2-2019,372.579987,3797.5817899999997,2.38825,2822.48
28-2-2019,372.799988,3772.9363350000003,2.38275,2823.16
1-3-2019,374.23999,3799.678543,2.38488,2823.81
4-3-2019,375.089996,3782.664101,2.38238,2824.23
5-3-2019,375.640015,3689.862893,2.39063,2826.06
6-3-2019,375.480011,3832.0808850000003,2.39063,2826.15
7-3-2019,373.880005,3848.9563700000003,2.38975,2827.22
8-3-2019,370.570007,3859.839983,2.38688,2830.71
11-3-2019,373.47000099999997,3899.6558689999997,2.39025,2832.57
12-3-2019,373.25,3851.24919,2.39038,2832.94
13-3-2019,375.600006,3866.295946,2.39013,2832.97
14-3-2019,378.519989,3846.2744420000004,2.39038,2833.28
15-3-2019,381.100006,3855.7443630000002,2.39038,2834.4
18-3-2019,382.109985,3970.3890450000004,2.38963,2834.41
19-3-2019,384.290009,3974.415764,2.39013,2836.74
20-3-2019,380.839996,3996.037131,2.38625,2837.44
21-3-2019,380.690002,4027.7873950000003,2.38725,2837.54
22-3-2019,376.02999900000003,3974.811429,2.389,2839.13
25-3-2019,374.329987,3968.4387009999996,2.38938,2839.25
26-3-2019,377.200012,3913.7817170000003,2.39388,2839.96
27-3-2019,377.27999900000003,3915.37532,2.39213,2840.23
28-3-2019,376.839996,4018.59051,2.39275,2840.35
29-3-2019,379.089996,4008.370872,2.382,2840.6
1-4-2019,383.670013,4094.7047909999997,2.38813,2840.69
2-4-2019,385.02999900000003,4135.18494,2.38025,2842.74
3-4-2019,388.920013,4818.770635,2.38613,2843.49
4-4-2019,387.869995,5102.150753,2.39413,2844.74
5-4-2019,388.230011,4875.599431000001,2.39375,2846.06
8-4-2019,387.51001,5198.17317,2.39175,2846.07
9-4-2019,385.679993,5260.205043,2.393,2847.11
10-4-2019,386.679993,5179.997649,2.3885,2847.6
11-4-2019,386.910004,5283.543758,2.3885,2848.42
12-4-2019,387.52999900000003,5049.605824,2.39225,2850.13
15-4-2019,388.100006,5158.387401,2.39263,2850.4
16-4-2019,389.209991,5045.675166,2.38913,2850.96
17-4-2019,389.589996,5184.204468,2.38563,2852.5
18-4-2019,390.459991,5220.959934,2.39113,2853.53
23-4-2019,391.350006,5398.433417,2.40275,2854.88
24-4-2019,390.980011,5552.521911,2.39413,2856.27
25-4-2019,390.149994,5432.991017,2.39938,2856.98
26-4-2019,391.01001,5132.227526,2.4,2857.05
29-4-2019,391.320007,5152.54574,2.38975,2857.7
30-4-2019,391.350006,5151.4335,2.37913,2858.45
2-5-2019,388.839996,5297.942492,2.37313,2861.82
3-5-2019,390.369995,5405.878067000001,2.37788,2862.96
6-5-2019,386.950012,5713.035052,NaN,2863.39
7-5-2019,381.640015,5706.008421,2.36313,2863.7
8-5-2019,382.230011,5899.529693,2.36275,2864.36
9-5-2019,375.920013,5932.441390999999,2.35888,2867.19
10-5-2019,377.140015,6159.685902,2.35638,2867.24
13-5-2019,372.570007,6992.706661,2.34513,2868.44
14-5-2019,376.339996,7906.940834999999,2.34338,2869.16
15-5-2019,378.059998,7928.417415999999,2.34913,2870.12
16-5-2019,382.880005,8177.453519,2.35938,2870.72
17-5-2019,381.51001,7820.076243,2.35575,2871.68
20-5-2019,377.459991,8221.259395000001,2.35938,2872.87
21-5-2019,379.5,7917.0124989999995,2.35538,2873.34
22-5-2019,379.190002,7961.128743000001,2.3545,2873.4
23-5-2019,373.790009,7723.90388,2.35625,2874.56
24-5-2019,375.890015,7903.846909999999,2.3565,2874.69
28-5-2019,375.899994,8800.346606000001,2.35388,2876.32
29-5-2019,370.51001,8719.331484999999,2.356,2877.13
31-5-2019,369.059998,8287.040256,2.3545,2878.2
3-6-2019,370.48999,8744.265561,2.36075,2878.38
4-6-2019,372.670013,8474.048229,2.36,2878.48
5-6-2019,374.079987,7645.572514,2.34538,2879.39
6-6-2019,374.01001,7790.321134999999,2.346,2879.42
7-6-2019,377.480011,7730.8817260000005,2.35175,2879.84
11-6-2019,380.890015,7954.006238,2.35088,2881.19
12-6-2019,379.73999,7903.62525,2.35038,2881.4
13-6-2019,380.329987,8151.78868,2.3505,2881.77
14-6-2019,378.809998,8256.720099,2.34663,2882.23
17-6-2019,378.459991,9061.540461,2.34438,2882.7
18-6-2019,384.77999900000003,9346.975087,2.3495,2883.98
19-6-2019,384.769989,9012.48785,2.34088,2884.05
20-6-2019,386.160004,9259.123638,2.3415,2884.43
21-6-2019,384.76001,9559.900689,2.3475,2885.57
24-6-2019,383.790009,10843.57097,2.34925,2885.72
25-6-2019,383.399994,10996.45975,2.34475,2886.73
26-6-2019,382.200012,11665.409679999999,2.354,2886.98
27-6-2019,382.209991,12444.92586,2.35488,2887.61
28-6-2019,384.869995,11086.268829999999,2.37038,2887.89
1-7-2019,387.869995,10932.31051,2.35975,2887.94
2-7-2019,389.290009,10454.68382,2.35138,2888.21
3-7-2019,392.579987,10800.130140000001,2.35638,2888.32
5-7-2019,390.109985,11645.524609999999,2.34825,2888.6
8-7-2019,389.899994,11422.11447,2.35688,2888.68
9-7-2019,387.920013,12335.99939,2.35013,2888.8
10-7-2019,387.149994,12575.90407,2.35475,2888.92
11-7-2019,386.700012,12054.183790000001,2.359,2889.67
12-7-2019,386.850006,11324.1447,2.35913,2891.64
15-7-2019,387.75,10506.39583,2.35713,2892.74
16-7-2019,389.100006,10934.482740000001,2.35663,2893.06
17-7-2019,387.660004,9490.410516,2.36275,2895.77
18-7-2019,386.799988,9733.132134,2.36063,2896.72
19-7-2019,387.25,10603.34887,2.362,2896.74
22-7-2019,387.73999,10551.13163,2.35963,2897.52
23-7-2019,391.540009,10285.639229999999,2.35375,2900.45
24-7-2019,391.730011,10027.53261,2.35225,2900.51
25-7-2019,389.519989,9771.504761,2.349,2901.13
26-7-2019,390.730011,9897.429352,2.35038,2901.52
29-7-2019,390.850006,9495.855261,2.34863,2901.61
30-7-2019,385.109985,9506.704273000001,2.347,2904.18
31-7-2019,385.769989,9572.735372,2.35163,2904.31
2-8-2019,378.149994,10385.20061,2.10425,2905.03
5-8-2019,369.429993,10985.80754,2.10513,2905.58
6-8-2019,367.709991,11811.78705,2.09713,2905.97
7-8-2019,368.600006,11310.18722,2.09938,2906.27
8-8-2019,374.709991,11956.04722,2.09525,2907.06
9-8-2019,371.559998,11817.45548,2.09538,2907.41
12-8-2019,370.410004,11485.36578,2.10275,2907.95
13-8-2019,372.399994,11391.96865,2.09825,2907.97
14-8-2019,366.160004,10869.37911,2.09213,2910.63
15-8-2019,365.089996,10211.49858,2.09588,2912.43
16-8-2019,369.630005,10386.53955,2.0985,2913.78
19-8-2019,373.859985,10335.37284,2.09538,2913.98
20-8-2019,371.299988,10774.810309999999,2.097,2914.0
21-8-2019,375.799988,10818.50701,2.093,2914.04
22-8-2019,374.290009,10064.916790000001,2.09363,2915.56
23-8-2019,371.359985,10161.16475,2.08838,2917.38
26-8-2019,371.27999900000003,10068.92242,NaN,2917.52
27-8-2019,373.619995,10312.215040000001,2.09575,2917.75
28-8-2019,372.859985,10122.19653,2.08663,2918.65
29-8-2019,376.73999,9743.162051000001,2.095,2919.37
30-8-2019,379.480011,9487.976434,2.08963,2919.4
3-9-2019,379.809998,10381.855959999999,2.09063,2922.94
4-9-2019,383.179993,10691.3113,2.09125,2922.95
5-9-2019,385.920013,10555.0469,2.09763,2923.43
6-9-2019,387.140015,10576.31789,2.09475,2923.65
9-9-2019,386.059998,10402.79653,2.09388,2923.73
10-9-2019,386.440002,10332.94219,2.0925,2924.43
11-9-2019,389.709991,10082.946829999999,2.0945,2924.58
12-9-2019,390.480011,10152.75298,2.08825,2924.59
13-9-2019,391.790009,10396.7672,2.09475,2924.92
16-9-2019,389.52999900000003,10302.190709999999,2.11163,2925.51
17-9-2019,389.329987,10301.65965,2.15488,2926.17
18-9-2019,389.410004,10231.42151,2.18525,2926.32
19-9-2019,391.799988,10168.287709999999,1.96213,2926.46
20-9-2019,392.950012,10223.50558,1.8685,2926.46
23-9-2019,389.799988,10031.86671,1.8475,2927.25
24-9-2019,389.839996,9719.718696,1.842,2929.67
25-9-2019,387.589996,8688.973526,1.84075,2929.8
26-9-2019,389.950012,8438.708552,1.82988,2930.19
27-9-2019,391.790009,8103.2109,1.82713,2930.75
30-9-2019,393.149994,8085.713290000001,1.8215,2932.05
1-10-2019,387.98999,8241.34147,1.82613,2932.47
2-10-2019,377.519989,8333.689190000001,1.85125,2933.68
3-10-2019,377.459991,8273.464018,1.82238,2937.78
4-10-2019,380.22000099999997,8203.843832999999,1.82075,2938.09
7-10-2019,382.910004,7853.693305,1.80825,2938.13
8-10-2019,378.709991,8236.208379000002,1.8055,2938.79
9-10-2019,380.299988,8201.637818000001,1.79,2939.51
10-10-2019,382.76001,8572.380812000001,1.79263,2939.88
11-10-2019,391.609985,8582.144518000001,1.79888,2940.25
14-10-2019,389.690002,8282.177326,NaN,2941.76
15-10-2019,394.019989,8337.818999,1.79513,2943.03
16-10-2019,393.459991,8162.44,1.82575,2945.35
17-10-2019,393.079987,8003.820395000001,1.83813,2945.64
18-10-2019,391.839996,8058.058081,1.81513,2945.83
21-10-2019,394.22000099999997,8200.318763,1.81113,2948.51
22-10-2019,394.589996,8200.246099,1.81288,2950.46
23-10-2019,395.02999900000003,8073.409544,1.814,2952.01
24-10-2019,397.369995,7420.415836,1.80275,2953.56
25-10-2019,398.01001,7460.617416,1.806,2953.91
28-10-2019,398.98999,9578.367556000001,1.80163,2954.18
29-10-2019,398.369995,9458.22336,1.801,2954.22
30-10-2019,398.700012,9455.724693,1.80438,2955.45
31-10-2019,396.75,9225.995479000001,1.59988,2961.79
1-11-2019,399.429993,9131.41063,1.59213,2964.33
4-11-2019,403.410004,9202.415451,1.55088,2966.15
5-11-2019,404.230011,9369.628081,1.54713,2966.6
6-11-2019,405.070007,9326.599623999999,1.5365,2970.27
7-11-2019,406.559998,9335.752402,1.54363,2971.61
8-11-2019,405.420013,9226.485821,1.53863,2972.37
11-11-2019,405.339996,9081.186878,NaN,2973.01
12-11-2019,406.899994,8711.534339,1.53925,2975.95
13-11-2019,405.859985,8760.892718000001,1.539,2976.0
14-11-2019,404.410004,8749.520591,1.527,2976.61
15-11-2019,406.040009,8656.970922,1.53675,2976.74
18-11-2019,405.98999,8537.339651999999,1.53538,2977.62
19-11-2019,405.5,8205.806365999999,1.53688,2978.43
20-11-2019,403.820007,8118.488536,1.529,2978.71
21-11-2019,402.22000099999997,8074.843174,1.54138,2978.76
22-11-2019,403.980011,7612.7405739999995,1.53388,2979.39
25-11-2019,408.089996,7041.732936,1.53613,2979.63
26-11-2019,408.48999,7211.861809,1.538,2980.38
27-11-2019,409.809998,7141.069449,1.53963,2984.42
29-11-2019,407.429993,7390.207469,1.5425,2984.87
2-12-2019,401.01001,7381.963008,1.54063,2985.03
3-12-2019,398.480011,7333.43293,1.5385,2986.2
4-12-2019,403.190002,7315.367765000001,1.5295,2989.69
5-12-2019,402.660004,7213.733762000001,1.52938,2990.41
6-12-2019,407.350006,7398.78705,1.52913,2991.77
9-12-2019,406.390015,7550.2392,1.53663,2991.78
10-12-2019,405.339996,7333.0960430000005,1.529,2992.07
11-12-2019,406.22000099999997,7239.762575,1.52538,2993.07
12-12-2019,407.579987,7198.066677,1.53375,2995.11
13-12-2019,412.019989,7190.272368999999,1.52988,2995.68
16-12-2019,417.75,7112.731476000001,1.53063,2995.82
17-12-2019,414.920013,6883.496394,1.53563,2995.99
18-12-2019,414.380005,6584.028843,1.5335,2997.95
19-12-2019,415.070007,7424.0154,1.534,2997.96
20-12-2019,418.399994,7147.568324,1.53663,2999.91
23-12-2019,418.269989,7236.986205,1.5345,3000.93
27-12-2019,419.73999000000003,7183.706536,1.53625,3003.67
30-12-2019,416.170013,7385.4648480000005,1.53438,3004.04
3-1-2020,418.329987,6955.48758,1.53675,3005.7
6-1-2020,416.630005,7347.433264,1.537,3006.72
7-1-2020,417.670013,7713.860754,1.52788,3006.73
8-1-2020,418.359985,8039.603701000001,1.5325,3006.79
9-1-2020,419.64001500000006,8067.606369,1.527,3007.39
10-1-2020,419.140015,7808.7013640000005,1.53313,3009.05
13-1-2020,418.390015,8149.313717,1.53513,3009.57
14-1-2020,419.589996,8116.961008,1.53125,3010.29
15-1-2020,419.630005,8735.142439,1.52838,3013.18
16-1-2020,420.540009,8843.675732,1.53563,3013.77
17-1-2020,424.55999800000006,8711.637578,1.53113,3014.3
21-1-2020,423.380005,8652.683762999999,1.53925,3019.56
22-1-2020,423.040009,8708.786012999999,1.53263,3020.97
23-1-2020,420.02999900000003,8635.074357,1.53163,3022.55
24-1-2020,423.64001500000006,8384.088776999999,1.53188,3023.94
27-1-2020,414.070007,8562.30747,1.53175,3025.86
28-1-2020,417.559998,8881.962391,1.533,3029.73
29-1-2020,419.410004,9131.114988,1.52963,3036.13
30-1-2020,415.160004,9320.978406,1.54388,3036.89
31-1-2020,410.709991,9545.077957,1.56875,3037.56
3-2-2020,411.72000099999997,9385.260386,1.568,3039.42
4-2-2020,418.47000099999997,9269.707035,1.5655,3041.31
5-2-2020,423.619995,9177.894637000001,1.57513,3044.31
6-2-2020,425.48999000000003,9625.456637000001,1.572,3046.77
7-2-2020,424.35998499999994,9681.377411,1.57738,3050.33
10-2-2020,424.64001500000006,10132.7065,1.57463,3053.24
11-2-2020,428.48001100000005,9838.900016,1.57125,3055.73
12-2-2020,431.160004,10236.63515,1.57413,3066.59
13-2-2020,431.079987,10364.926290000001,1.57338,3066.91
14-2-2020,430.51998899999995,10218.099740000001,1.57613,3074.62
18-2-2020,430.329987,9636.624095000001,1.56338,3076.78
19-2-2020,433.89999400000005,10189.99598,1.57688,3078.27
20-2-2020,430.19000199999994,9701.037191,1.56713,3080.82
21-2-2020,428.07000700000003,9631.484945999999,1.57025,3083.76
24-2-2020,411.859985,9919.551448,1.5755,3085.18
25-2-2020,404.600006,9640.469505,1.569,3087.01
26-2-2020,404.619995,9392.869629,1.5715,3090.23
27-2-2020,389.450012,8787.978363,1.574,3091.84
28-2-2020,375.649994,8784.995352,1.56775,3093.08
2-3-2020,375.97000099999997,8548.948322,1.57463,3093.2
3-3-2020,381.130005,8923.044398,1.57563,3094.04
4-3-2020,386.299988,8791.112058,1.08775,3096.63
5-3-2020,380.76001,8756.961062,1.08213,3097.74
6-3-2020,366.799988,9078.578776999999,1.07975,3100.29
9-3-2020,339.5,8166.313894,1.08113,3103.54
10-3-2020,335.640015,7875.750875,1.082,3108.46
11-3-2020,333.170013,7959.228273999999,1.084,3110.29
12-3-2020,294.929993,7955.306284,1.08663,3112.35
13-3-2020,299.160004,5800.2089049999995,1.08488,3112.76
16-3-2020,284.630005,5355.187374,0.23925,3113.49
17-3-2020,291.070007,4944.702336,0.25813,3113.87
18-3-2020,279.660004,5465.5825939999995,0.37988,3115.34
19-3-2020,287.799988,5363.822853,0.29825,3115.86
20-3-2020,293.040009,6301.0634039999995,0.21188,3116.39
23-3-2020,280.429993,5884.340133,0.2065,3117.43
24-3-2020,304.0,6455.454688000001,0.17813,3117.86
25-3-2020,313.380005,6784.318011,0.20125,3120.18
26-3-2020,321.380005,6706.985089,0.14988,3120.46
27-3-2020,310.899994,6721.495392,0.13625,3122.03
30-3-2020,314.880005,5922.489835,0.12088,3122.87
31-3-2020,320.059998,6483.7394460000005,0.119,3124.74
1-4-2020,310.769989,6446.4213469999995,0.10875,3128.21
2-4-2020,312.079987,6537.336461999999,0.08588,3130.01
3-4-2020,309.059998,6850.558712000001,0.07663,3130.12
6-4-2020,320.579987,6805.362287000001,0.0745,3131.29
7-4-2020,326.609985,7278.24397,0.077,3132.52
8-4-2020,326.670013,7175.667477,0.07188,3133.64
9-4-2020,331.799988,7367.293398000001,0.06775,3135.96
14-4-2020,333.910004,6889.863772,0.07163,3140.98
15-4-2020,323.059998,6887.554908,0.06613,3141.63
16-4-2020,324.920013,6718.79995,0.067,3145.32
17-4-2020,333.47000099999997,7166.582817,0.067,3145.91
20-4-2020,335.700012,7185.870303,0.06463,3152.05
21-4-2020,324.309998,6856.146435,0.06313,3153.63
22-4-2020,330.140015,6904.475773,0.0635,3155.22
23-4-2020,333.23999,7118.388748,0.05825,3168.57
24-4-2020,329.589996,7562.032831999999,0.05675,3168.8
27-4-2020,335.440002,7624.853786,0.056,3169.94
28-4-2020,341.089996,7776.507543000001,0.05075,3179.72
29-4-2020,347.059998,7761.758784000001,0.05488,3185.04
30-4-2020,340.02999900000003,8773.106488,0.0605,3190.14
4-5-2020,328.440002,8904.713817,0.05725,3191.45
5-5-2020,335.5,8887.505893000001,0.05775,3192.52
6-5-2020,334.339996,8978.283587,0.0625,3193.93
7-5-2020,337.980011,9371.684273,0.061,3197.52
8-5-2020,341.049988,9900.678867,NaN,3205.37
11-5-2020,339.700012,8786.655181999999,0.06163,3207.18
12-5-2020,340.570007,8608.125245000001,0.06063,3215.57
13-5-2020,333.97000099999997,8815.231245,0.061,3215.63
14-5-2020,326.709991,9330.986485,0.0615,3218.44
15-5-2020,328.23999,9757.296586,0.062,3221.22
18-5-2020,341.589996,9684.701959,0.05975,3221.29
19-5-2020,339.48999,9723.68015,0.06038,3223.38
20-5-2020,342.820007,9719.480854000001,0.06238,3224.01
22-5-2020,340.170013,9141.150637,0.06075,3225.52
26-5-2020,348.920013,8905.781605,0.06025,3225.89
27-5-2020,349.75,8835.727224,0.06163,3226.56
28-5-2020,355.47000099999997,9112.979176,0.063,3230.78
29-5-2020,350.359985,9507.524665,0.0615,3232.39
2-6-2020,359.769989,10268.581979999999,0.065,3235.66
3-6-2020,368.920013,9516.135443000001,0.06188,3236.92
4-6-2020,366.25,9667.060754,0.05975,3237.18
5-6-2020,375.320007,9811.367095,0.0625,3239.41
8-6-2020,374.119995,9737.458559,0.06075,3239.91
9-6-2020,369.540009,9791.9279,0.063,3240.02
10-6-2020,368.149994,9786.142020000001,0.06325,3243.63
11-6-2020,353.070007,9874.967048,0.0655,3246.22
12-6-2020,354.059998,9260.832640999999,0.06613,3246.28
15-6-2020,353.089996,9351.953728,0.06975,3246.59
16-6-2020,363.329987,9441.768995999999,0.07163,3248.92
17-6-2020,366.019989,9510.660637,0.0755,3251.84
18-6-2020,363.410004,9457.627074,0.07638,3253.05
19-6-2020,365.459991,9398.642093999999,0.07525,3257.3
22-6-2020,362.700012,9289.104491,0.06988,3257.85
23-6-2020,367.399994,9680.947128,0.07113,3258.44
24-6-2020,357.170013,9609.680246,0.07425,3265.35
25-6-2020,359.73999,9311.136318,0.07563,3269.96
26-6-2020,358.320007,9252.633372,0.07113,3271.03
29-6-2020,359.890015,9101.850057,0.08175,3271.12
30-6-2020,360.339996,9188.061375,0.08088,3273.4
1-7-2020,361.190002,9148.444859000001,0.07663,3274.7
2-7-2020,368.290009,9236.31677,0.08288,3276.02
6-7-2020,371.209991,9055.464483,0.08288,3276.24
7-7-2020,368.959991,9278.805637000001,0.083,3281.06
8-7-2020,366.480011,9244.415815,0.08288,3283.15
9-7-2020,363.640015,9471.759973,0.08175,3283.66
10-7-2020,366.829987,9236.143254,0.08138,3288.13
13-7-2020,370.5,9286.737042,0.082,3289.29
14-7-2020,367.399994,9238.993755,0.0775,3294.61
15-7-2020,373.869995,9260.47098,0.08425,3295.47
16-7-2020,372.130005,9211.026432999999,0.08675,3297.59
17-7-2020,372.709991,9133.777829999999,0.08563,3298.46
20-7-2020,375.51001,9190.271534,0.0855,3306.51
21-7-2020,376.700012,9172.588333,0.08525,3310.11
22-7-2020,373.440002,9395.064445999998,0.08588,3310.24
23-7-2020,373.649994,9530.790884999999,0.08563,3315.57
24-7-2020,367.290009,9617.377861,0.08488,3316.81
27-7-2020,366.149994,9938.951223,0.08513,3319.47
28-7-2020,367.679993,11187.77973,0.08475,3320.79
29-7-2020,367.450012,10939.67014,0.08413,3321.75
30-7-2020,359.519989,11284.458990000001,0.085,3325.54
31-7-2020,356.329987,11118.91841,0.08725,3327.71
3-8-2020,363.640015,11139.09838,0.08425,3327.77
4-8-2020,363.390015,11261.80633,0.089,3329.62
5-8-2020,365.160004,11228.02632,0.08338,3331.84
6-8-2020,362.48999,11653.40759,0.08575,3333.69
7-8-2020,363.549988,11796.81736,0.08513,3334.69
10-8-2020,364.649994,11673.12324,0.086,3335.47
11-8-2020,370.76001,11832.22731,0.08525,3337.75
12-8-2020,374.880005,11340.58234,0.08538,3339.19
13-8-2020,372.52999900000003,11549.54631,0.08488,3340.97
14-8-2020,368.070007,11752.16866,0.0855,3345.78
17-8-2020,369.26001,11896.94717,0.08475,3348.42
18-8-2020,367.179993,12399.11188,0.08363,3349.16
19-8-2020,369.579987,12071.73891,0.08463,3351.28
20-8-2020,365.640015,11749.82951,0.083,3351.6
21-8-2020,365.089996,11833.89735,0.08175,3352.09
24-8-2020,370.850006,11666.41012,0.08175,3357.01
25-8-2020,369.75,11744.0127,0.08138,3357.75
26-8-2020,373.119995,11378.72603,0.08175,3360.47
27-8-2020,370.72000099999997,11458.8226,0.082,3360.97
28-8-2020,368.799988,11302.12096,0.08088,3363.0
31-8-2020,366.51001,11657.003929999999,NaN,3369.16
1-9-2020,365.230011,11678.37326,0.08125,3370.29
2-9-2020,371.27999900000003,11964.20867,0.0825,3372.85
3-9-2020,366.079987,11427.7026,0.08238,3373.23
4-9-2020,361.929993,10712.92065,0.08163,3373.43
8-9-2020,363.75,10381.776109999999,0.07938,3373.94
9-9-2020,369.649994,10043.19644,0.08213,3374.85
10-9-2020,367.480011,10268.46092,0.08413,3379.45
11-9-2020,367.959991,10341.01598,0.083,3380.16
14-9-2020,368.51001,10313.06858,0.08388,3380.35
15-9-2020,370.959991,10680.297559999999,0.08325,3380.8
16-9-2020,373.130005,10829.505309999999,0.0825,3381.99
17-9-2020,371.230011,11033.38353,0.08225,3383.54
18-9-2020,368.77999900000003,10937.11126,0.08313,3385.49
21-9-2020,356.820007,10852.91014,0.0825,3385.51
22-9-2020,357.549988,10526.20289,0.08263,3386.15
23-9-2020,359.52999900000003,10531.16456,0.08038,3389.78
24-9-2020,355.850006,10260.03301,0.08075,3390.68
25-9-2020,355.51001,10672.95681,0.08013,3397.16
28-9-2020,363.390015,10752.34545,0.08163,3398.96
29-9-2020,361.48999,10863.06572,0.08175,3400.97
30-9-2020,361.089996,10764.28437,0.078,3401.2
1-10-2020,361.799988,10741.57955,0.08175,3408.6
2-10-2020,362.690002,10626.60096,0.08125,3419.44
5-10-2020,365.630005,10660.61118,0.08138,3426.92
6-10-2020,365.880005,10756.40458,0.0815,3426.96
7-10-2020,365.450012,10589.626390000001,0.08175,3431.28
8-10-2020,368.309998,10645.75479,0.08263,3435.56
9-10-2020,370.350006,10897.59543,0.08175,3443.12
12-10-2020,373.0,11334.026740000001,NaN,3443.44
13-10-2020,370.959991,11666.2117,0.08,3443.62
14-10-2020,370.619995,11443.73279,0.08088,3446.83
15-10-2020,362.910004,11395.54737,0.08125,3453.49
16-10-2020,367.480011,11504.549009999999,0.08113,3455.06
19-10-2020,366.809998,11471.00255,0.08088,3465.39
20-10-2020,365.51001,11776.593,0.08038,3477.14
21-10-2020,360.790009,11936.36291,0.08063,3478.73
22-10-2020,360.269989,13102.934459999999,0.08413,3483.34
23-10-2020,362.5,13140.66928,0.08138,3483.81
26-10-2020,355.950012,13008.45326,0.08063,3484.55
27-10-2020,352.579987,13033.52427,0.08163,3488.67
28-10-2020,342.170013,13721.28222,0.08025,3500.31
29-10-2020,341.76001,13282.26035,0.081,3508.01
30-10-2020,342.359985,13467.731780000002,0.08138,3509.44
2-11-2020,347.859985,13730.19731,0.08113,3510.45
3-11-2020,356.01001,13633.698219999998,0.082,3511.93
4-11-2020,363.309998,13832.938409999999,0.0815,3526.65
5-11-2020,367.119995,14163.976819999998,0.08138,3534.22
6-11-2020,366.399994,15424.527680000001,0.08263,3537.01
9-11-2020,380.98999,15500.33425,0.08113,3545.53
10-11-2020,384.420013,15283.78014,0.08488,3550.5
11-11-2020,388.559998,15374.044390000001,NaN,3557.54
12-11-2020,385.160004,15820.49524,0.0815,3567.79
13-11-2020,385.179993,16253.310269999998,0.08325,3572.66
16-11-2020,389.73999,15918.080130000002,0.08363,3577.59
17-11-2020,388.820007,16752.00299,0.08213,3580.84
18-11-2020,390.540009,17593.486409999998,0.08225,3581.87
19-11-2020,387.600006,17834.63653,0.08238,3585.15
20-11-2020,389.609985,17954.85801,0.08263,3609.53
23-11-2020,388.839996,18629.99554,0.082,3621.63
24-11-2020,392.390015,18469.20047,0.08013,3626.91
25-11-2020,392.089996,19045.73647,0.08,3629.65
27-11-2020,393.230011,17187.406280000003,0.08025,3635.41
30-11-2020,389.359985,18114.41435,0.085,3638.35
1-12-2020,391.899994,19382.36059,0.0805,3647.49
2-12-2020,391.690002,18980.97745,0.0815,3662.45
3-12-2020,391.72000099999997,19184.89785,0.08275,3663.46
4-12-2020,394.040009,19464.5317,0.08325,3666.72
7-12-2020,392.839996,19113.9334,0.08288,3668.1
8-12-2020,393.640015,19107.5998,0.0825,3669.01
9-12-2020,394.899994,18682.45783,0.08263,3672.82
10-12-2020,393.149994,18543.00705,0.08288,3687.26
11-12-2020,390.119995,18359.4766,0.08325,3690.01
14-12-2020,391.850006,19060.2769,0.0825,3691.96
15-12-2020,392.839996,19251.224,0.082,3694.62
16-12-2020,396.079987,19443.47635,0.08125,3694.92
17-12-2020,397.27999900000003,21310.65626,0.08538,3699.12
18-12-2020,395.899994,22895.97624,0.08438,3700.65
21-12-2020,386.690002,23537.36989,0.08463,3701.17
22-12-2020,391.25,23177.271,0.08513,3702.25
23-12-2020,395.48999,23433.98076,0.08563,3703.06
28-12-2020,398.579987,26389.290259999998,NaN,3714.24
29-12-2020,401.609985,26718.029459999998,0.08738,3722.48
30-12-2020,400.25,26975.729560000003,0.08563,3726.86
4-1-2021,401.690002,33002.53643,0.08463,3732.04
