Date,LIBOR
1-10-2013,0.105
2-10-2013,0.1051
3-10-2013,0.1032
4-10-2013,0.1013
7-10-2013,0.1022
8-10-2013,0.1018
9-10-2013,0.1022
10-10-2013,0.1065
11-10-2013,0.1038
14-10-2013,.
15-10-2013,0.1048
16-10-2013,0.1069
17-10-2013,0.1077
18-10-2013,0.109
21-10-2013,0.1066
22-10-2013,0.1051
23-10-2013,0.1051
24-10-2013,0.1026
25-10-2013,0.1024
28-10-2013,0.1033
29-10-2013,0.1035
30-10-2013,0.1024
31-10-2013,0.1037
1-11-2013,0.0999
4-11-2013,0.1014
5-11-2013,0.1024
6-11-2013,0.1023
7-11-2013,0.1017
8-11-2013,0.1021
11-11-2013,.
12-11-2013,0.1006
13-11-2013,0.1012
14-11-2013,0.1017
15-11-2013,0.1049
18-11-2013,0.1063
19-11-2013,0.1037
20-11-2013,0.1036
21-11-2013,0.1031
22-11-2013,0.1028
25-11-2013,0.1041
26-11-2013,0.1033
27-11-2013,0.1029
28-11-2013,.
29-11-2013,0.1047
2-12-2013,0.101
3-12-2013,0.1026
4-12-2013,0.1025
5-12-2013,0.103
6-12-2013,0.1041
9-12-2013,0.1037
10-12-2013,0.1021
11-12-2013,0.1015
12-12-2013,0.1013
13-12-2013,0.1
16-12-2013,0.1017
17-12-2013,0.1018
18-12-2013,0.1021
19-12-2013,0.102
20-12-2013,0.1018
23-12-2013,0.1011
24-12-2013,0.1007
25-12-2013,.
26-12-2013,.
27-12-2013,0.096
30-12-2013,0.096
31-12-2013,0.0795
1-1-2014,.
2-1-2014,0.0956
3-1-2014,0.095
6-1-2014,0.0945
7-1-2014,0.0926
8-1-2014,0.0925
9-1-2014,0.0919
10-1-2014,0.0918
13-1-2014,0.0921
14-1-2014,0.0921
15-1-2014,0.09
16-1-2014,0.0896
17-1-2014,0.0886
20-1-2014,.
21-1-2014,0.0896
22-1-2014,0.0901
23-1-2014,0.0898
24-1-2014,0.0887
27-1-2014,0.0866
28-1-2014,0.0851
29-1-2014,0.0847
30-1-2014,0.085
31-1-2014,0.0862
3-2-2014,0.0855
4-2-2014,0.085
5-2-2014,0.085
6-2-2014,0.085
7-2-2014,0.0856
10-2-2014,0.0856
11-2-2014,0.085
12-2-2014,0.0865
13-2-2014,0.086
14-2-2014,0.0856
17-2-2014,.
18-2-2014,0.084
19-2-2014,0.0861
20-2-2014,0.0865
21-2-2014,0.0865
24-2-2014,0.0874
25-2-2014,0.0876
26-2-2014,0.0882
27-2-2014,0.0887
28-2-2014,0.09
3-3-2014,0.0878
4-3-2014,0.0883
5-3-2014,0.0879
6-3-2014,0.0876
7-3-2014,0.0877
10-3-2014,0.0901
11-3-2014,0.0885
12-3-2014,0.0889
13-3-2014,0.0879
14-3-2014,0.0878
17-3-2014,0.0886
18-3-2014,0.0885
19-3-2014,0.089
20-3-2014,0.0885
21-3-2014,0.0905
24-3-2014,0.0903
25-3-2014,0.0904
26-3-2014,0.0903
27-3-2014,0.0908
28-3-2014,0.0899
31-3-2014,0.0855
1-4-2014,0.0884
2-4-2014,0.0874
3-4-2014,0.0881
4-4-2014,0.0884
7-4-2014,0.0865
8-4-2014,0.0885
9-4-2014,0.0886
10-4-2014,0.0885
11-4-2014,0.087
14-4-2014,0.087
15-4-2014,0.088
16-4-2014,0.0907
17-4-2014,0.0905
18-4-2014,.
21-4-2014,.
22-4-2014,0.0915
23-4-2014,0.0898
24-4-2014,0.0889
25-4-2014,0.0897
28-4-2014,0.0895
29-4-2014,0.0882
30-4-2014,0.0876
1-5-2014,0.088
2-5-2014,0.0885
5-5-2014,.
6-5-2014,0.0905
7-5-2014,0.0891
8-5-2014,0.0885
9-5-2014,0.0886
12-5-2014,0.0894
13-5-2014,0.0898
14-5-2014,0.0879
15-5-2014,0.0893
16-5-2014,0.0884
19-5-2014,0.0875
20-5-2014,0.0879
21-5-2014,0.088
22-5-2014,0.0883
23-5-2014,0.0877
26-5-2014,.
27-5-2014,0.0884
28-5-2014,0.0885
29-5-2014,0.0875
30-5-2014,0.0866
2-6-2014,0.089
3-6-2014,0.088
4-6-2014,0.09
5-6-2014,0.0925
6-6-2014,0.0909
9-6-2014,0.0901
10-6-2014,0.0893
11-6-2014,0.0888
12-6-2014,0.0919
13-6-2014,0.0922
16-6-2014,0.0921
17-6-2014,0.094
18-6-2014,0.096
19-6-2014,0.095
20-6-2014,0.0955
23-6-2014,0.0953
24-6-2014,0.096
25-6-2014,0.0955
26-6-2014,0.0962
27-6-2014,0.0966
30-6-2014,0.0936
1-7-2014,0.095
2-7-2014,0.0959
3-7-2014,0.0954
4-7-2014,.
7-7-2014,0.0945
8-7-2014,0.0941
9-7-2014,0.0942
10-7-2014,0.094
11-7-2014,0.0939
14-7-2014,0.0934
15-7-2014,0.0942
16-7-2014,0.0924
17-7-2014,0.0925
18-7-2014,0.093
21-7-2014,0.0915
22-7-2014,0.0925
23-7-2014,0.092
24-7-2014,0.0913
25-7-2014,0.0915
28-7-2014,0.0907
29-7-2014,0.0911
30-7-2014,0.091
31-7-2014,0.0865
1-8-2014,0.0899
4-8-2014,0.0905
5-8-2014,0.0899
6-8-2014,0.0899
7-8-2014,0.0895
8-8-2014,0.0895
11-8-2014,0.0902
12-8-2014,0.0901
13-8-2014,0.0903
14-8-2014,0.0911
15-8-2014,0.0915
18-8-2014,0.0914
19-8-2014,0.0919
20-8-2014,0.0911
21-8-2014,0.092
22-8-2014,0.0919
25-8-2014,.
26-8-2014,0.092
27-8-2014,0.092
28-8-2014,0.0915
29-8-2014,0.0895
1-9-2014,.
2-9-2014,0.0905
3-9-2014,0.0905
4-9-2014,0.091
5-9-2014,0.091
8-9-2014,0.091
9-9-2014,0.0905
10-9-2014,0.0909
11-9-2014,0.0906
12-9-2014,0.091
15-9-2014,0.091
16-9-2014,0.091
17-9-2014,0.091
18-9-2014,0.0907
19-9-2014,0.0912
22-9-2014,0.0903
23-9-2014,0.0909
24-9-2014,0.0908
25-9-2014,0.0908
26-9-2014,0.0905
29-9-2014,0.0905
30-9-2014,0.0808
1-10-2014,0.0908
2-10-2014,0.0895
3-10-2014,0.0899
6-10-2014,0.0905
7-10-2014,0.0902
8-10-2014,0.09
9-10-2014,0.0904
10-10-2014,0.0905
13-10-2014,.
14-10-2014,0.091
15-10-2014,0.092
16-10-2014,0.0913
17-10-2014,0.091
20-10-2014,0.0915
21-10-2014,0.091
22-10-2014,0.0915
23-10-2014,0.0905
24-10-2014,0.0905
27-10-2014,0.09
28-10-2014,0.0905
29-10-2014,0.0915
30-10-2014,0.0911
31-10-2014,0.088
3-11-2014,0.0925
4-11-2014,0.0925
5-11-2014,0.0925
6-11-2014,0.0935
7-11-2014,0.094
10-11-2014,0.094
11-11-2014,.
12-11-2014,0.0945
13-11-2014,0.0939
14-11-2014,0.094
17-11-2014,0.0945
18-11-2014,0.0964
19-11-2014,0.0985
20-11-2014,0.0994
21-11-2014,0.1015
24-11-2014,0.1015
25-11-2014,0.1025
26-11-2014,0.102
27-11-2014,.
28-11-2014,0.0977
1-12-2014,0.1017
2-12-2014,0.1067
3-12-2014,0.1095
4-12-2014,0.111
5-12-2014,0.111
8-12-2014,0.111
9-12-2014,0.11
10-12-2014,0.112
11-12-2014,0.1125
12-12-2014,0.1104
15-12-2014,0.1105
16-12-2014,0.11
17-12-2014,0.1108
18-12-2014,0.1117
19-12-2014,0.114
22-12-2014,0.1142
23-12-2014,0.1141
24-12-2014,0.1151
25-12-2014,.
26-12-2014,.
29-12-2014,0.1161
30-12-2014,0.1146
31-12-2014,0.0852
1-1-2015,.
2-1-2015,0.1126
5-1-2015,0.1164
6-1-2015,0.1187
7-1-2015,0.1189
8-1-2015,0.1191
9-1-2015,0.1191
12-1-2015,0.1165
13-1-2015,0.1167
14-1-2015,0.1196
15-1-2015,0.1201
16-1-2015,0.1201
19-1-2015,.
20-1-2015,0.1208
21-1-2015,0.1214
22-1-2015,0.1214
23-1-2015,0.1199
26-1-2015,0.1199
27-1-2015,0.1196
28-1-2015,0.1177
29-1-2015,0.1194
30-1-2015,0.115
2-2-2015,0.116
3-2-2015,0.1175
4-2-2015,0.118
5-2-2015,0.118
6-2-2015,0.1175
9-2-2015,0.117
10-2-2015,0.116
11-2-2015,0.118
12-2-2015,0.1195
13-2-2015,0.1175
16-2-2015,.
17-2-2015,0.1175
18-2-2015,0.118
19-2-2015,0.1185
20-2-2015,0.1205
23-2-2015,0.119
24-2-2015,0.119
25-2-2015,0.118
26-2-2015,0.118
27-2-2015,0.116
2-3-2015,0.1192
3-3-2015,0.1215
4-3-2015,0.1215
5-3-2015,0.1215
6-3-2015,0.1215
9-3-2015,0.1215
10-3-2015,0.122
11-3-2015,0.122
12-3-2015,0.1225
13-3-2015,0.123
16-3-2015,0.123
17-3-2015,0.1225
18-3-2015,0.122
19-3-2015,0.122
20-3-2015,0.122
23-3-2015,0.1225
24-3-2015,0.122
25-3-2015,0.1215
26-3-2015,0.121
27-3-2015,0.121
30-3-2015,0.12
31-3-2015,0.114
1-4-2015,0.1225
2-4-2015,0.1215
3-4-2015,.
6-4-2015,.
7-4-2015,0.122
8-4-2015,0.121
9-4-2015,0.121
10-4-2015,0.122
13-4-2015,0.122
14-4-2015,0.122
15-4-2015,0.122
16-4-2015,0.122
17-4-2015,0.122
20-4-2015,0.122
21-4-2015,0.1225
22-4-2015,0.122
23-4-2015,0.1225
24-4-2015,0.1225
27-4-2015,0.1225
28-4-2015,0.123
29-4-2015,0.123
30-4-2015,0.12
1-5-2015,0.122
4-5-2015,.
5-5-2015,0.123
6-5-2015,0.123
7-5-2015,0.123
8-5-2015,0.123
11-5-2015,0.123
12-5-2015,0.123
13-5-2015,0.123
14-5-2015,0.123
15-5-2015,0.124
18-5-2015,0.124
19-5-2015,0.124
20-5-2015,0.124
21-5-2015,0.124
22-5-2015,0.124
25-5-2015,.
26-5-2015,0.123
27-5-2015,0.123
28-5-2015,0.123
29-5-2015,0.121
1-6-2015,0.123
2-6-2015,0.1235
3-6-2015,0.123
4-6-2015,0.123
5-6-2015,0.123
8-6-2015,0.123
9-6-2015,0.123
10-6-2015,0.123
11-6-2015,0.123
12-6-2015,0.123
15-6-2015,0.1235
16-6-2015,0.1235
17-6-2015,0.123
18-6-2015,0.1235
19-6-2015,0.1245
22-6-2015,0.1245
23-6-2015,0.124
24-6-2015,0.1235
25-6-2015,0.1245
26-6-2015,0.124
29-6-2015,0.1236
30-6-2015,0.112
1-7-2015,0.123
2-7-2015,0.125
3-7-2015,0.1255
6-7-2015,0.1255
7-7-2015,0.126
8-7-2015,0.1255
9-7-2015,0.1255
10-7-2015,0.1265
13-7-2015,0.128
14-7-2015,0.128
15-7-2015,0.128
16-7-2015,0.128
17-7-2015,0.128
20-7-2015,0.1275
21-7-2015,0.1275
22-7-2015,0.1285
23-7-2015,0.1265
24-7-2015,0.1265
27-7-2015,0.126
28-7-2015,0.126
29-7-2015,0.126
30-7-2015,0.1265
31-7-2015,0.1214
3-8-2015,0.1265
4-8-2015,0.1265
5-8-2015,0.1265
6-8-2015,0.126
7-8-2015,0.126
10-8-2015,0.1265
11-8-2015,0.1275
12-8-2015,0.128
13-8-2015,0.1285
14-8-2015,0.1305
17-8-2015,0.1325
18-8-2015,0.1325
19-8-2015,0.133
20-8-2015,0.133
21-8-2015,0.133
24-8-2015,0.133
25-8-2015,0.1325
26-8-2015,0.133
27-8-2015,0.1335
28-8-2015,0.1335
31-8-2015,.
1-9-2015,0.132
2-9-2015,0.133
3-9-2015,0.1355
4-9-2015,0.1355
7-9-2015,.
8-9-2015,0.1355
9-9-2015,0.135
10-9-2015,0.1345
11-9-2015,0.1355
14-9-2015,0.136
15-9-2015,0.1365
16-9-2015,0.1365
17-9-2015,0.1375
18-9-2015,0.1375
21-9-2015,0.1355
22-9-2015,0.1355
23-9-2015,0.136
24-9-2015,0.136
25-9-2015,0.1345
28-9-2015,0.1345
29-9-2015,0.1335
30-9-2015,0.1162
1-10-2015,0.1325
2-10-2015,0.1325
5-10-2015,0.1325
6-10-2015,0.132
7-10-2015,0.1315
8-10-2015,0.131
9-10-2015,0.132
12-10-2015,.
13-10-2015,0.132
14-10-2015,0.132
15-10-2015,0.1325
16-10-2015,0.132
19-10-2015,0.1315
20-10-2015,0.132
21-10-2015,0.132
22-10-2015,0.132
23-10-2015,0.1315
26-10-2015,0.1315
27-10-2015,0.1315
28-10-2015,0.132
29-10-2015,0.132
30-10-2015,0.1248
2-11-2015,0.131
3-11-2015,0.131
4-11-2015,0.131
5-11-2015,0.131
6-11-2015,0.131
9-11-2015,0.131
10-11-2015,0.131
11-11-2015,.
12-11-2015,0.1305
13-11-2015,0.131
16-11-2015,0.131
17-11-2015,0.131
18-11-2015,0.131
19-11-2015,0.13
20-11-2015,0.131
23-11-2015,0.1305
24-11-2015,0.1305
25-11-2015,0.1305
26-11-2015,.
27-11-2015,0.1305
30-11-2015,0.128
1-12-2015,0.1305
2-12-2015,0.1305
3-12-2015,0.1305
4-12-2015,0.1305
7-12-2015,0.13
8-12-2015,0.1295
9-12-2015,0.1295
10-12-2015,0.1315
11-12-2015,0.1335
14-12-2015,0.135
15-12-2015,0.1355
16-12-2015,0.1518
17-12-2015,0.3614
18-12-2015,0.3658
21-12-2015,0.3672
22-12-2015,0.3674
23-12-2015,0.3673
24-12-2015,0.3671
25-12-2015,.
28-12-2015,.
29-12-2015,0.366
30-12-2015,0.3661
31-12-2015,0.2745
1-1-2016,.
4-1-2016,0.3658
5-1-2016,0.365
6-1-2016,0.3661
7-1-2016,0.3651
8-1-2016,0.3662
11-1-2016,0.3661
12-1-2016,0.3661
13-1-2016,0.3663
14-1-2016,0.3661
15-1-2016,0.3661
18-1-2016,.
19-1-2016,0.366
20-1-2016,0.3655
21-1-2016,0.3658
22-1-2016,0.3659
25-1-2016,0.366
26-1-2016,0.3657
27-1-2016,0.3659
28-1-2016,0.3684
29-1-2016,0.3674
1-2-2016,0.366
2-2-2016,0.369
3-2-2016,0.3686
4-2-2016,0.3704
5-2-2016,0.37
8-2-2016,0.3763
9-2-2016,0.3771
10-2-2016,0.3731
11-2-2016,0.3715
12-2-2016,0.3708
15-2-2016,.
16-2-2016,0.371
17-2-2016,0.37
18-2-2016,0.3714
19-2-2016,0.3709
22-2-2016,0.371
23-2-2016,0.371
24-2-2016,0.3715
25-2-2016,0.3743
26-2-2016,0.3745
29-2-2016,0.3715
1-3-2016,0.3679
2-3-2016,0.3715
3-3-2016,0.373
4-3-2016,0.372
7-3-2016,0.372
8-3-2016,0.372
9-3-2016,0.372
10-3-2016,0.3725
11-3-2016,0.3725
14-3-2016,0.3743
15-3-2016,0.3753
16-3-2016,0.3743
17-3-2016,0.3748
18-3-2016,0.3743
21-3-2016,0.3743
22-3-2016,0.3743
23-3-2016,0.3753
24-3-2016,0.3745
25-3-2016,.
28-3-2016,.
29-3-2016,0.3755
30-3-2016,0.3772
31-3-2016,0.3831
1-4-2016,0.3791
4-4-2016,0.3794
5-4-2016,0.3777
6-4-2016,0.3782
7-4-2016,0.3782
8-4-2016,0.3775
11-4-2016,0.3792
12-4-2016,0.3792
13-4-2016,0.3802
14-4-2016,0.3797
15-4-2016,0.3807
18-4-2016,0.3812
19-4-2016,0.3827
20-4-2016,0.3822
21-4-2016,0.3817
22-4-2016,0.3812
25-4-2016,0.3812
26-4-2016,0.3807
27-4-2016,0.3802
28-4-2016,0.3827
29-4-2016,0.3837
2-5-2016,.
3-5-2016,0.3857
4-5-2016,0.3858
5-5-2016,0.385
6-5-2016,0.385
9-5-2016,0.385
10-5-2016,0.3845
11-5-2016,0.385
12-5-2016,0.385
13-5-2016,0.3855
16-5-2016,0.3855
17-5-2016,0.386
18-5-2016,0.385
19-5-2016,0.384
20-5-2016,0.3845
23-5-2016,0.385
24-5-2016,0.385
25-5-2016,0.3861
26-5-2016,0.3861
27-5-2016,0.385
30-5-2016,.
31-5-2016,0.3865
1-6-2016,0.3855
2-6-2016,0.3855
3-6-2016,0.3861
6-6-2016,0.3861
7-6-2016,0.3865
8-6-2016,0.3876
9-6-2016,0.3856
10-6-2016,0.3861
13-6-2016,0.3855
14-6-2016,0.3855
15-6-2016,0.385
16-6-2016,0.3855
17-6-2016,0.3865
20-6-2016,0.3901
21-6-2016,0.3901
22-6-2016,0.3896
23-6-2016,0.3911
24-6-2016,0.3934
27-6-2016,0.4001
28-6-2016,0.4016
29-6-2016,0.4051
30-6-2016,0.4116
1-7-2016,0.4061
4-7-2016,.
5-7-2016,0.4096
6-7-2016,0.4112
7-7-2016,0.4127
8-7-2016,0.4122
11-7-2016,0.4137
12-7-2016,0.4122
13-7-2016,0.4127
14-7-2016,0.4122
15-7-2016,0.4152
18-7-2016,0.4159
19-7-2016,0.4159
20-7-2016,0.4174
21-7-2016,0.4179
22-7-2016,0.4179
25-7-2016,0.4179
26-7-2016,0.4179
27-7-2016,0.4164
28-7-2016,0.4159
29-7-2016,0.4129
1-8-2016,0.4144
2-8-2016,0.4179
3-8-2016,0.4174
4-8-2016,0.4179
5-8-2016,0.4189
8-8-2016,0.4189
9-8-2016,0.4188
10-8-2016,0.4197
11-8-2016,0.4202
12-8-2016,0.4191
15-8-2016,0.41889
16-8-2016,0.41778
17-8-2016,0.41722
18-8-2016,0.41722
19-8-2016,0.41556
22-8-2016,0.41667
23-8-2016,0.41778
24-8-2016,0.41833
25-8-2016,0.41989
26-8-2016,0.41833
29-8-2016,.
30-8-2016,0.41944
31-8-2016,0.41944
1-9-2016,0.41611
2-9-2016,0.42044
5-9-2016,.
6-9-2016,0.42044
7-9-2016,0.42156
8-9-2016,0.42211
9-9-2016,0.42156
12-9-2016,0.421
13-9-2016,0.421
14-9-2016,0.42211
15-9-2016,0.42156
16-9-2016,0.42044
19-9-2016,0.42156
20-9-2016,0.42211
21-9-2016,0.42211
22-9-2016,0.42322
23-9-2016,0.42322
26-9-2016,0.42433
27-9-2016,0.42544
28-9-2016,0.42063
29-9-2016,0.41989
30-9-2016,0.42378
3-10-2016,0.42267
4-10-2016,0.42433
5-10-2016,0.42822
6-10-2016,0.42878
7-10-2016,0.42656
10-10-2016,.
11-10-2016,0.42767
12-10-2016,0.42878
13-10-2016,0.431
14-10-2016,0.43044
17-10-2016,0.43322
18-10-2016,0.43322
19-10-2016,0.43378
20-10-2016,0.43322
21-10-2016,0.43322
24-10-2016,0.43211
25-10-2016,0.43433
26-10-2016,0.43433
27-10-2016,0.43489
28-10-2016,0.43544
31-10-2016,0.43344
1-11-2016,0.43456
2-11-2016,0.43733
3-11-2016,0.43678
4-11-2016,0.43511
7-11-2016,0.43456
8-11-2016,0.434
9-11-2016,0.43233
10-11-2016,0.43233
11-11-2016,.
14-11-2016,0.43344
15-11-2016,0.43289
16-11-2016,0.43289
17-11-2016,0.43456
18-11-2016,0.43367
21-11-2016,0.43367
22-11-2016,0.43367
23-11-2016,0.43422
24-11-2016,.
25-11-2016,0.43478
28-11-2016,0.43422
29-11-2016,0.43422
30-11-2016,0.43056
1-12-2016,0.43422
2-12-2016,0.43478
5-12-2016,0.43478
6-12-2016,0.43422
7-12-2016,0.43367
8-12-2016,0.43311
9-12-2016,0.43422
12-12-2016,0.437
13-12-2016,0.437
14-12-2016,0.43867
15-12-2016,0.67889
16-12-2016,0.68389
19-12-2016,0.68111
20-12-2016,0.68378
21-12-2016,0.686
22-12-2016,0.68656
23-12-2016,0.69378
26-12-2016,.
27-12-2016,.
28-12-2016,0.68656
29-12-2016,0.68822
30-12-2016,0.69211
2-1-2017,.
3-1-2017,0.69544
4-1-2017,0.69044
5-1-2017,0.69222
6-1-2017,0.691
9-1-2017,0.693
10-1-2017,0.69333
11-1-2017,0.69278
12-1-2017,0.69278
13-1-2017,0.69278
16-1-2017,.
17-1-2017,0.69
18-1-2017,0.68944
19-1-2017,0.69
20-1-2017,0.68833
23-1-2017,0.68889
24-1-2017,0.68833
25-1-2017,0.68833
26-1-2017,0.68722
27-1-2017,0.69
30-1-2017,0.69167
31-1-2017,0.69
1-2-2017,0.69111
2-2-2017,0.68833
3-2-2017,0.69278
6-2-2017,0.68833
7-2-2017,0.68778
8-2-2017,0.68667
9-2-2017,0.68667
10-2-2017,0.68778
13-2-2017,0.68722
14-2-2017,0.68722
15-2-2017,0.68556
16-2-2017,0.68611
17-2-2017,0.68611
20-2-2017,.
21-2-2017,0.68611
22-2-2017,0.68333
23-2-2017,0.68333
24-2-2017,0.68278
27-2-2017,0.68333
28-2-2017,0.68056
1-3-2017,0.68167
2-3-2017,0.68278
3-3-2017,0.68278
6-3-2017,0.68278
7-3-2017,0.68278
8-3-2017,0.68211
9-3-2017,0.68211
10-3-2017,0.68189
13-3-2017,0.68278
14-3-2017,0.68689
15-3-2017,0.68667
16-3-2017,0.92578
17-3-2017,0.92422
20-3-2017,0.92644
21-3-2017,0.92533
22-3-2017,0.92667
23-3-2017,0.92611
24-3-2017,0.92667
27-3-2017,0.92444
28-3-2017,0.925
29-3-2017,0.92556
30-3-2017,0.92667
31-3-2017,0.92167
3-4-2017,0.92722
4-4-2017,0.93
5-4-2017,0.93111
6-4-2017,0.93
7-4-2017,0.93056
10-4-2017,0.92722
11-4-2017,0.92722
12-4-2017,0.92778
13-4-2017,0.92611
14-4-2017,.
17-4-2017,.
18-4-2017,0.93
19-4-2017,0.93
20-4-2017,0.92944
21-4-2017,0.92944
24-4-2017,0.92667
25-4-2017,0.92833
26-4-2017,0.93028
27-4-2017,0.93056
28-4-2017,0.92944
1-5-2017,.
2-5-2017,0.92667
3-5-2017,0.92722
4-5-2017,0.92778
5-5-2017,0.92778
8-5-2017,0.92778
9-5-2017,0.92722
10-5-2017,0.92833
11-5-2017,0.92833
12-5-2017,0.92833
15-5-2017,0.92889
16-5-2017,0.92833
17-5-2017,0.92833
18-5-2017,0.92778
19-5-2017,0.92889
22-5-2017,0.92889
23-5-2017,0.93056
24-5-2017,0.93056
25-5-2017,0.93
26-5-2017,0.93
29-5-2017,.
30-5-2017,0.93111
31-5-2017,0.92889
1-6-2017,0.93111
2-6-2017,0.93111
5-6-2017,0.93111
6-6-2017,0.93056
7-6-2017,0.93111
8-6-2017,0.93056
9-6-2017,0.93111
12-6-2017,0.93111
13-6-2017,0.93111
14-6-2017,0.93111
15-6-2017,1.175
16-6-2017,1.17722
19-6-2017,1.17667
20-6-2017,1.17611
21-6-2017,1.17722
22-6-2017,1.17722
23-6-2017,1.17667
26-6-2017,1.17611
27-6-2017,1.17611
28-6-2017,1.17667
29-6-2017,1.17333
30-6-2017,1.16167
3-7-2017,1.17167
4-7-2017,.
5-7-2017,1.17389
6-7-2017,1.17389
7-7-2017,1.17389
10-7-2017,1.17444
11-7-2017,1.17722
12-7-2017,1.17833
13-7-2017,1.17833
14-7-2017,1.17722
17-7-2017,1.17778
18-7-2017,1.17722
19-7-2017,1.17889
20-7-2017,1.17889
21-7-2017,1.17889
24-7-2017,1.17889
25-7-2017,1.18
26-7-2017,1.17778
27-7-2017,1.17722
28-7-2017,1.17833
31-7-2017,1.17611
1-8-2017,1.17556
2-8-2017,1.17722
3-8-2017,1.17722
4-8-2017,1.17778
7-8-2017,1.17722
8-8-2017,1.17778
9-8-2017,1.17778
10-8-2017,1.17778
11-8-2017,1.17778
14-8-2017,1.17778
15-8-2017,1.17778
16-8-2017,1.17889
17-8-2017,1.17778
18-8-2017,1.17722
21-8-2017,1.17778
22-8-2017,1.17778
23-8-2017,1.17778
24-8-2017,1.17778
25-8-2017,1.17778
28-8-2017,.
29-8-2017,1.17833
30-8-2017,1.17778
31-8-2017,1.17556
1-9-2017,1.17722
4-9-2017,.
5-9-2017,1.17778
6-9-2017,1.17611
7-9-2017,1.17611
8-9-2017,1.17722
11-9-2017,1.17778
12-9-2017,1.17778
13-9-2017,1.17722
14-9-2017,1.17889
15-9-2017,1.17889
18-9-2017,1.17889
19-9-2017,1.17889
20-9-2017,1.17889
21-9-2017,1.17889
22-9-2017,1.17889
25-9-2017,1.17833
26-9-2017,1.17833
27-9-2017,1.18
28-9-2017,1.18111
29-9-2017,1.18167
2-10-2017,1.18
3-10-2017,1.18056
4-10-2017,1.18222
5-10-2017,1.18222
6-10-2017,1.18222
9-10-2017,.
10-10-2017,1.18167
11-10-2017,1.18333
12-10-2017,1.18444
13-10-2017,1.18444
16-10-2017,1.18444
17-10-2017,1.18444
18-10-2017,1.18444
19-10-2017,1.185
20-10-2017,1.18444
23-10-2017,1.18444
24-10-2017,1.18444
25-10-2017,1.18444
26-10-2017,1.18444
27-10-2017,1.18444
30-10-2017,1.185
31-10-2017,1.18222
1-11-2017,1.18222
2-11-2017,1.18389
3-11-2017,1.18444
6-11-2017,1.18389
7-11-2017,1.18389
8-11-2017,1.18333
9-11-2017,1.18333
10-11-2017,1.18333
13-11-2017,1.18278
14-11-2017,1.18278
15-11-2017,1.18278
16-11-2017,1.18278
17-11-2017,1.18278
20-11-2017,1.18278
21-11-2017,1.18278
22-11-2017,1.18278
23-11-2017,.
24-11-2017,1.18375
27-11-2017,1.18375
28-11-2017,1.185
29-11-2017,1.18625
30-11-2017,1.18
1-12-2017,1.1825
4-12-2017,1.1825
5-12-2017,1.1825
6-12-2017,1.1825
7-12-2017,1.1825
8-12-2017,1.1825
11-12-2017,1.1825
12-12-2017,1.1825
13-12-2017,1.1825
14-12-2017,1.4275
15-12-2017,1.43313
18-12-2017,1.43313
19-12-2017,1.43313
20-12-2017,1.43438
21-12-2017,1.43438
22-12-2017,1.43438
25-12-2017,.
26-12-2017,.
27-12-2017,1.435
28-12-2017,1.4375
29-12-2017,1.42875
1-1-2018,.
2-1-2018,1.4375
3-1-2018,1.43875
4-1-2018,1.4375
5-1-2018,1.4375
8-1-2018,1.4375
9-1-2018,1.4375
10-1-2018,1.43625
11-1-2018,1.4375
12-1-2018,1.4375
15-1-2018,.
16-1-2018,1.43875
17-1-2018,1.4375
18-1-2018,1.4375
19-1-2018,1.4375
22-1-2018,1.4375
23-1-2018,1.4375
24-1-2018,1.4375
25-1-2018,1.43813
26-1-2018,1.43813
29-1-2018,1.43938
30-1-2018,1.43938
31-1-2018,1.43938
1-2-2018,1.44375
2-2-2018,1.44375
5-2-2018,1.43938
6-2-2018,1.43875
7-2-2018,1.43875
8-2-2018,1.43875
9-2-2018,1.44
12-2-2018,1.4425
13-2-2018,1.44375
14-2-2018,1.44375
15-2-2018,1.44375
16-2-2018,1.445
19-2-2018,.
20-2-2018,1.445
21-2-2018,1.445
22-2-2018,1.44438
23-2-2018,1.44813
26-2-2018,1.4475
27-2-2018,1.4475
28-2-2018,1.4425
1-3-2018,1.44625
2-3-2018,1.4475
5-3-2018,1.4475
6-3-2018,1.44688
7-3-2018,1.44688
8-3-2018,1.44688
9-3-2018,1.44688
12-3-2018,1.445
13-3-2018,1.445
14-3-2018,1.445
15-3-2018,1.445
16-3-2018,1.44625
19-3-2018,1.4475
20-3-2018,1.4475
21-3-2018,1.44875
22-3-2018,1.6975
23-3-2018,1.6975
26-3-2018,1.6975
27-3-2018,1.6975
28-3-2018,1.69875
29-3-2018,1.69688
30-3-2018,.
2-4-2018,.
3-4-2018,1.69938
4-4-2018,1.70188
5-4-2018,1.70313
6-4-2018,1.70313
9-4-2018,1.70188
10-4-2018,1.70188
11-4-2018,1.70188
12-4-2018,1.70313
13-4-2018,1.70188
16-4-2018,1.70125
17-4-2018,1.70375
18-4-2018,1.705
19-4-2018,1.70313
20-4-2018,1.70313
23-4-2018,1.70313
24-4-2018,1.70313
25-4-2018,1.70313
26-4-2018,1.70313
27-4-2018,1.70438
30-4-2018,1.70369
1-5-2018,1.70438
2-5-2018,1.70438
3-5-2018,1.70438
4-5-2018,1.70563
7-5-2018,.
8-5-2018,1.705
9-5-2018,1.705
10-5-2018,1.705
11-5-2018,1.70625
14-5-2018,1.705
15-5-2018,1.705
16-5-2018,1.70538
17-5-2018,1.706
18-5-2018,1.70725
21-5-2018,1.706
22-5-2018,1.7085
23-5-2018,1.70788
24-5-2018,1.7085
25-5-2018,1.70725
28-5-2018,.
29-5-2018,1.7085
30-5-2018,1.71163
31-5-2018,1.71163
1-6-2018,1.712
4-6-2018,1.712
5-6-2018,1.712
6-6-2018,1.7135
7-6-2018,1.71438
8-6-2018,1.715
11-6-2018,1.71463
12-6-2018,1.71325
13-6-2018,1.71263
14-6-2018,1.93563
15-6-2018,1.92563
18-6-2018,1.9255
19-6-2018,1.92888
20-6-2018,1.93038
21-6-2018,1.92788
22-6-2018,1.928
25-6-2018,1.93163
26-6-2018,1.935
27-6-2018,1.93375
28-6-2018,1.93325
29-6-2018,1.93538
2-7-2018,1.92975
3-7-2018,1.92813
4-7-2018,.
5-7-2018,1.92813
6-7-2018,1.92563
9-7-2018,1.92588
10-7-2018,1.91925
11-7-2018,1.91825
12-7-2018,1.91763
13-7-2018,1.91763
16-7-2018,1.91263
17-7-2018,1.91825
18-7-2018,1.91325
19-7-2018,1.91225
20-7-2018,1.9135
23-7-2018,1.91838
24-7-2018,1.91413
25-7-2018,1.91488
26-7-2018,1.91725
27-7-2018,1.91163
30-7-2018,1.916
31-7-2018,1.91538
1-8-2018,1.91563
2-8-2018,1.92025
3-8-2018,1.915
6-8-2018,1.92
7-8-2018,1.91338
8-8-2018,1.91625
9-8-2018,1.91625
10-8-2018,1.9125
13-8-2018,1.9125
14-8-2018,1.91325
15-8-2018,1.91375
16-8-2018,1.92
17-8-2018,1.91688
20-8-2018,1.9175
21-8-2018,1.91963
22-8-2018,1.91775
23-8-2018,1.91813
24-8-2018,1.91888
27-8-2018,.
28-8-2018,1.91488
29-8-2018,1.91538
30-8-2018,1.92
31-8-2018,1.91488
3-9-2018,.
4-9-2018,1.91363
5-9-2018,1.91875
6-9-2018,1.91838
7-9-2018,1.91875
10-9-2018,1.91913
11-9-2018,1.91513
12-9-2018,1.919
13-9-2018,1.91988
14-9-2018,1.91513
17-9-2018,1.91463
18-9-2018,1.91888
19-9-2018,1.91863
20-9-2018,1.91738
21-9-2018,1.92088
24-9-2018,1.918
25-9-2018,1.91625
26-9-2018,1.92525
27-9-2018,2.17388
28-9-2018,2.17138
1-10-2018,2.17075
2-10-2018,2.17725
3-10-2018,2.16813
4-10-2018,2.16525
5-10-2018,2.17175
8-10-2018,.
9-10-2018,2.1655
10-10-2018,2.172
11-10-2018,2.17225
12-10-2018,2.16938
15-10-2018,2.17725
16-10-2018,2.17638
17-10-2018,2.176
18-10-2018,2.17025
19-10-2018,2.17113
22-10-2018,2.17063
23-10-2018,2.17388
24-10-2018,2.17513
25-10-2018,2.17425
26-10-2018,2.17675
29-10-2018,2.17888
30-10-2018,2.18
31-10-2018,2.173
1-11-2018,2.17538
2-11-2018,2.17463
5-11-2018,2.17525
6-11-2018,2.17663
7-11-2018,2.17725
8-11-2018,2.17988
9-11-2018,2.175
12-11-2018,.
13-11-2018,2.17788
14-11-2018,2.17575
15-11-2018,2.17938
16-11-2018,2.17538
19-11-2018,2.18075
20-11-2018,2.17288
21-11-2018,2.1805
22-11-2018,.
23-11-2018,2.177
26-11-2018,2.183
27-11-2018,2.1785
28-11-2018,2.1825
29-11-2018,2.18275
30-11-2018,2.1775
3-12-2018,2.18188
4-12-2018,2.17613
5-12-2018,2.17188
6-12-2018,2.18238
7-12-2018,2.18088
10-12-2018,2.182
11-12-2018,2.18213
12-12-2018,2.18475
13-12-2018,2.18438
14-12-2018,2.18475
17-12-2018,2.18125
18-12-2018,2.18025
19-12-2018,2.18175
20-12-2018,2.38788
21-12-2018,2.39163
24-12-2018,2.38988
25-12-2018,.
26-12-2018,.
27-12-2018,2.391
28-12-2018,2.39238
31-12-2018,2.37825
1-1-2019,.
2-1-2019,2.38675
3-1-2019,2.39188
4-1-2019,2.394
7-1-2019,2.39275
8-1-2019,2.39125
9-1-2019,2.39075
10-1-2019,2.39413
11-1-2019,2.38938
14-1-2019,2.39013
15-1-2019,2.38675
16-1-2019,2.38488
17-1-2019,2.38463
18-1-2019,2.38388
21-1-2019,.
22-1-2019,2.37563
23-1-2019,2.38413
24-1-2019,2.3845
25-1-2019,2.38475
28-1-2019,2.38488
29-1-2019,2.38438
30-1-2019,2.38388
31-1-2019,2.3835
1-2-2019,2.374
4-2-2019,2.38413
5-2-2019,2.38238
6-2-2019,2.38325
7-2-2019,2.38313
8-2-2019,2.38575
11-2-2019,2.38625
12-2-2019,2.3835
13-2-2019,2.38438
14-2-2019,2.38275
15-2-2019,2.387
18-2-2019,.
19-2-2019,2.378
20-2-2019,2.38463
21-2-2019,2.3825
22-2-2019,2.38788
25-2-2019,2.38863
26-2-2019,2.38863
27-2-2019,2.38825
28-2-2019,2.38275
1-3-2019,2.38488
4-3-2019,2.38238
5-3-2019,2.39063
6-3-2019,2.39063
7-3-2019,2.38975
8-3-2019,2.38688
11-3-2019,2.39025
12-3-2019,2.39038
13-3-2019,2.39013
14-3-2019,2.39038
15-3-2019,2.39038
18-3-2019,2.38963
19-3-2019,2.39013
20-3-2019,2.38625
21-3-2019,2.38725
22-3-2019,2.389
25-3-2019,2.38938
26-3-2019,2.39388
27-3-2019,2.39213
28-3-2019,2.39275
29-3-2019,2.382
1-4-2019,2.38813
2-4-2019,2.38025
3-4-2019,2.38613
4-4-2019,2.39413
5-4-2019,2.39375
8-4-2019,2.39175
9-4-2019,2.393
10-4-2019,2.3885
11-4-2019,2.3885
12-4-2019,2.39225
15-4-2019,2.39263
16-4-2019,2.38913
17-4-2019,2.38563
18-4-2019,2.39113
19-4-2019,.
22-4-2019,.
23-4-2019,2.40275
24-4-2019,2.39413
25-4-2019,2.39938
26-4-2019,2.4
29-4-2019,2.38975
30-4-2019,2.37913
1-5-2019,2.39188
2-5-2019,2.37313
3-5-2019,2.37788
6-5-2019,.
7-5-2019,2.36313
8-5-2019,2.36275
9-5-2019,2.35888
10-5-2019,2.35638
13-5-2019,2.34513
14-5-2019,2.34338
15-5-2019,2.34913
16-5-2019,2.35938
17-5-2019,2.35575
20-5-2019,2.35938
21-5-2019,2.35538
22-5-2019,2.3545
23-5-2019,2.35625
24-5-2019,2.3565
27-5-2019,.
28-5-2019,2.35388
29-5-2019,2.356
30-5-2019,2.35775
31-5-2019,2.3545
3-6-2019,2.36075
4-6-2019,2.36
5-6-2019,2.34538
6-6-2019,2.346
7-6-2019,2.35175
10-6-2019,2.345
11-6-2019,2.35088
12-6-2019,2.35038
13-6-2019,2.3505
14-6-2019,2.34663
17-6-2019,2.34438
18-6-2019,2.3495
19-6-2019,2.34088
20-6-2019,2.3415
21-6-2019,2.3475
24-6-2019,2.34925
25-6-2019,2.34475
26-6-2019,2.354
27-6-2019,2.35488
28-6-2019,2.37038
1-7-2019,2.35975
2-7-2019,2.35138
3-7-2019,2.35638
4-7-2019,.
5-7-2019,2.34825
8-7-2019,2.35688
9-7-2019,2.35013
10-7-2019,2.35475
11-7-2019,2.359
12-7-2019,2.35913
15-7-2019,2.35713
16-7-2019,2.35663
17-7-2019,2.36275
18-7-2019,2.36063
19-7-2019,2.362
22-7-2019,2.35963
23-7-2019,2.35375
24-7-2019,2.35225
25-7-2019,2.349
26-7-2019,2.35038
29-7-2019,2.34863
30-7-2019,2.347
31-7-2019,2.35163
1-8-2019,2.11225
2-8-2019,2.10425
5-8-2019,2.10513
6-8-2019,2.09713
7-8-2019,2.09938
8-8-2019,2.09525
9-8-2019,2.09538
12-8-2019,2.10275
13-8-2019,2.09825
14-8-2019,2.09213
15-8-2019,2.09588
16-8-2019,2.0985
19-8-2019,2.09538
20-8-2019,2.097
21-8-2019,2.093
22-8-2019,2.09363
23-8-2019,2.08838
26-8-2019,.
27-8-2019,2.09575
28-8-2019,2.08663
29-8-2019,2.095
30-8-2019,2.08963
2-9-2019,.
3-9-2019,2.09063
4-9-2019,2.09125
5-9-2019,2.09763
6-9-2019,2.09475
9-9-2019,2.09388
10-9-2019,2.0925
11-9-2019,2.0945
12-9-2019,2.08825
13-9-2019,2.09475
16-9-2019,2.11163
17-9-2019,2.15488
18-9-2019,2.18525
19-9-2019,1.96213
20-9-2019,1.8685
23-9-2019,1.8475
24-9-2019,1.842
25-9-2019,1.84075
26-9-2019,1.82988
27-9-2019,1.82713
30-9-2019,1.8215
1-10-2019,1.82613
2-10-2019,1.85125
3-10-2019,1.82238
4-10-2019,1.82075
7-10-2019,1.80825
8-10-2019,1.8055
9-10-2019,1.79
10-10-2019,1.79263
11-10-2019,1.79888
14-10-2019,.
15-10-2019,1.79513
16-10-2019,1.82575
17-10-2019,1.83813
18-10-2019,1.81513
21-10-2019,1.81113
22-10-2019,1.81288
23-10-2019,1.814
24-10-2019,1.80275
25-10-2019,1.806
28-10-2019,1.80163
29-10-2019,1.801
30-10-2019,1.80438
31-10-2019,1.59988
1-11-2019,1.59213
4-11-2019,1.55088
5-11-2019,1.54713
6-11-2019,1.5365
7-11-2019,1.54363
8-11-2019,1.53863
11-11-2019,.
12-11-2019,1.53925
13-11-2019,1.539
14-11-2019,1.527
15-11-2019,1.53675
18-11-2019,1.53538
19-11-2019,1.53688
20-11-2019,1.529
21-11-2019,1.54138
22-11-2019,1.53388
25-11-2019,1.53613
26-11-2019,1.538
27-11-2019,1.53963
28-11-2019,.
29-11-2019,1.5425
2-12-2019,1.54063
3-12-2019,1.5385
4-12-2019,1.5295
5-12-2019,1.52938
6-12-2019,1.52913
9-12-2019,1.53663
10-12-2019,1.529
11-12-2019,1.52538
12-12-2019,1.53375
13-12-2019,1.52988
16-12-2019,1.53063
17-12-2019,1.53563
18-12-2019,1.5335
19-12-2019,1.534
20-12-2019,1.53663
23-12-2019,1.5345
24-12-2019,1.53313
25-12-2019,.
26-12-2019,.
27-12-2019,1.53625
30-12-2019,1.53438
31-12-2019,1.54263
1-1-2020,.
2-1-2020,1.5405
3-1-2020,1.53675
6-1-2020,1.537
7-1-2020,1.52788
8-1-2020,1.5325
9-1-2020,1.527
10-1-2020,1.53313
13-1-2020,1.53513
14-1-2020,1.53125
15-1-2020,1.52838
16-1-2020,1.53563
17-1-2020,1.53113
20-1-2020,.
21-1-2020,1.53925
22-1-2020,1.53263
23-1-2020,1.53163
24-1-2020,1.53188
27-1-2020,1.53175
28-1-2020,1.533
29-1-2020,1.52963
30-1-2020,1.54388
31-1-2020,1.56875
3-2-2020,1.568
4-2-2020,1.5655
5-2-2020,1.57513
6-2-2020,1.572
7-2-2020,1.57738
10-2-2020,1.57463
11-2-2020,1.57125
12-2-2020,1.57413
13-2-2020,1.57338
14-2-2020,1.57613
17-2-2020,.
18-2-2020,1.56338
19-2-2020,1.57688
20-2-2020,1.56713
21-2-2020,1.57025
24-2-2020,1.5755
25-2-2020,1.569
26-2-2020,1.5715
27-2-2020,1.574
28-2-2020,1.56775
2-3-2020,1.57463
3-3-2020,1.57563
4-3-2020,1.08775
5-3-2020,1.08213
6-3-2020,1.07975
9-3-2020,1.08113
10-3-2020,1.082
11-3-2020,1.084
12-3-2020,1.08663
13-3-2020,1.08488
16-3-2020,0.23925
17-3-2020,0.25813
18-3-2020,0.37988
19-3-2020,0.29825
20-3-2020,0.21188
23-3-2020,0.2065
24-3-2020,0.17813
25-3-2020,0.20125
26-3-2020,0.14988
27-3-2020,0.13625
30-3-2020,0.12088
31-3-2020,0.119
1-4-2020,0.10875
2-4-2020,0.08588
3-4-2020,0.07663
6-4-2020,0.0745
7-4-2020,0.077
8-4-2020,0.07188
9-4-2020,0.06775
10-4-2020,.
13-4-2020,.
14-4-2020,0.07163
15-4-2020,0.06613
16-4-2020,0.067
17-4-2020,0.067
20-4-2020,0.06463
21-4-2020,0.06313
22-4-2020,0.0635
23-4-2020,0.05825
24-4-2020,0.05675
27-4-2020,0.056
28-4-2020,0.05075
29-4-2020,0.05488
30-4-2020,0.0605
1-5-2020,0.05838
4-5-2020,0.05725
5-5-2020,0.05775
6-5-2020,0.0625
7-5-2020,0.061
8-5-2020,.
11-5-2020,0.06163
12-5-2020,0.06063
13-5-2020,0.061
14-5-2020,0.0615
15-5-2020,0.062
18-5-2020,0.05975
19-5-2020,0.06038
20-5-2020,0.06238
21-5-2020,0.06113
22-5-2020,0.06075
25-5-2020,.
26-5-2020,0.06025
27-5-2020,0.06163
28-5-2020,0.063
29-5-2020,0.0615
1-6-2020,0.062
2-6-2020,0.065
3-6-2020,0.06188
4-6-2020,0.05975
5-6-2020,0.0625
8-6-2020,0.06075
9-6-2020,0.063
10-6-2020,0.06325
11-6-2020,0.0655
12-6-2020,0.06613
15-6-2020,0.06975
16-6-2020,0.07163
17-6-2020,0.0755
18-6-2020,0.07638
19-6-2020,0.07525
22-6-2020,0.06988
23-6-2020,0.07113
24-6-2020,0.07425
25-6-2020,0.07563
26-6-2020,0.07113
29-6-2020,0.08175
30-6-2020,0.08088
1-7-2020,0.07663
2-7-2020,0.08288
3-7-2020,0.08288
6-7-2020,0.08288
7-7-2020,0.083
8-7-2020,0.08288
9-7-2020,0.08175
10-7-2020,0.08138
13-7-2020,0.082
14-7-2020,0.0775
15-7-2020,0.08425
16-7-2020,0.08675
17-7-2020,0.08563
20-7-2020,0.0855
21-7-2020,0.08525
22-7-2020,0.08588
23-7-2020,0.08563
24-7-2020,0.08488
27-7-2020,0.08513
28-7-2020,0.08475
29-7-2020,0.08413
30-7-2020,0.085
31-7-2020,0.08725
3-8-2020,0.08425
4-8-2020,0.089
5-8-2020,0.08338
6-8-2020,0.08575
7-8-2020,0.08513
10-8-2020,0.086
11-8-2020,0.08525
12-8-2020,0.08538
13-8-2020,0.08488
14-8-2020,0.0855
17-8-2020,0.08475
18-8-2020,0.08363
19-8-2020,0.08463
20-8-2020,0.083
21-8-2020,0.08175
24-8-2020,0.08175
25-8-2020,0.08138
26-8-2020,0.08175
27-8-2020,0.082
28-8-2020,0.08088
31-8-2020,.
1-9-2020,0.08125
2-9-2020,0.0825
3-9-2020,0.08238
4-9-2020,0.08163
7-9-2020,.
8-9-2020,0.07938
9-9-2020,0.08213
10-9-2020,0.08413
11-9-2020,0.083
14-9-2020,0.08388
15-9-2020,0.08325
16-9-2020,0.0825
17-9-2020,0.08225
18-9-2020,0.08313
21-9-2020,0.0825
22-9-2020,0.08263
23-9-2020,0.08038
24-9-2020,0.08075
25-9-2020,0.08013
28-9-2020,0.08163
29-9-2020,0.08175
30-9-2020,0.078
1-10-2020,0.08175
2-10-2020,0.08125
5-10-2020,0.08138
6-10-2020,0.0815
7-10-2020,0.08175
8-10-2020,0.08263
9-10-2020,0.08175
12-10-2020,.
13-10-2020,0.08
14-10-2020,0.08088
15-10-2020,0.08125
16-10-2020,0.08113
19-10-2020,0.08088
20-10-2020,0.08038
21-10-2020,0.08063
22-10-2020,0.08413
23-10-2020,0.08138
26-10-2020,0.08063
27-10-2020,0.08163
28-10-2020,0.08025
29-10-2020,0.081
30-10-2020,0.08138
2-11-2020,0.08113
3-11-2020,0.082
4-11-2020,0.0815
5-11-2020,0.08138
6-11-2020,0.08263
9-11-2020,0.08113
10-11-2020,0.08488
11-11-2020,.
12-11-2020,0.0815
13-11-2020,0.08325
16-11-2020,0.08363
17-11-2020,0.08213
18-11-2020,0.08225
19-11-2020,0.08238
20-11-2020,0.08263
23-11-2020,0.082
24-11-2020,0.08013
25-11-2020,0.08
26-11-2020,.
27-11-2020,0.08025
30-11-2020,0.085
1-12-2020,0.0805
2-12-2020,0.0815
3-12-2020,0.08275
4-12-2020,0.08325
7-12-2020,0.08288
8-12-2020,0.0825
9-12-2020,0.08263
10-12-2020,0.08288
11-12-2020,0.08325
14-12-2020,0.0825
15-12-2020,0.082
16-12-2020,0.08125
17-12-2020,0.08538
18-12-2020,0.08438
21-12-2020,0.08463
22-12-2020,0.08513
23-12-2020,0.08563
24-12-2020,0.081
25-12-2020,.
28-12-2020,.
29-12-2020,0.08738
30-12-2020,0.08563
31-12-2020,0.07763
1-1-2021,.
4-1-2021,0.08463
