Date,STOXX
1-10-2013,312.859985
2-10-2013,310.790009
3-10-2013,309.549988
4-10-2013,309.890015
7-10-2013,309.179993
8-10-2013,306.839996
9-10-2013,305.130005
10-10-2013,310.290009
11-10-2013,311.609985
14-10-2013,312.220001
15-10-2013,314.820007
16-10-2013,315.549988
17-10-2013,315.980011
18-10-2013,318.470001
21-10-2013,319.540009
22-10-2013,320.970001
23-10-2013,318.98999
24-10-2013,320.380005
25-10-2013,320.089996
28-10-2013,319.48999
29-10-2013,320.769989
30-10-2013,320.799988
31-10-2013,322.369995
1-11-2013,321.5
4-11-2013,322.5
5-11-2013,321.890015
6-11-2013,323.26001
7-11-2013,323.230011
8-11-2013,322.720001
11-11-2013,323.570007
12-11-2013,321.679993
13-11-2013,319.820007
14-11-2013,322.429993
15-11-2013,323
18-11-2013,324.700012
19-11-2013,322.559998
20-11-2013,322.910004
21-11-2013,322.420013
22-11-2013,322.769989
25-11-2013,324.179993
26-11-2013,322.23999
27-11-2013,324.040009
28-11-2013,325.190002
29-11-2013,325.160004
2-12-2013,324.100006
3-12-2013,319.130005
4-12-2013,317.23999
5-12-2013,314.410004
6-12-2013,316.5
9-12-2013,317.149994
10-12-2013,314.910004
11-12-2013,313.299988
12-12-2013,310.23999
13-12-2013,309.75
16-12-2013,313.640015
17-12-2013,311.309998
18-12-2013,313.98999
19-12-2013,318.190002
20-12-2013,321.140015
23-12-2013,323.399994
27-12-2013,327.679993
30-12-2013,327.130005
3-1-2014,327.640015
6-1-2014,326.980011
7-1-2014,329.399994
8-1-2014,329.75
9-1-2014,328.410004
10-1-2014,329.950012
13-1-2014,330.720001
14-1-2014,331.230011
15-1-2014,334.51001
16-1-2014,333.98999
17-1-2014,335.820007
20-1-2014,335.5
21-1-2014,335.76001
22-1-2014,336.059998
23-1-2014,332.690002
24-1-2014,324.75
27-1-2014,322.019989
28-1-2014,324.220001
29-1-2014,322.390015
30-1-2014,323.320007
31-1-2014,322.519989
3-2-2014,318.209991
4-2-2014,317.579987
5-2-2014,318.040009
6-2-2014,322.769989
7-2-2014,325.089996
10-2-2014,325.299988
11-2-2014,329.519989
12-2-2014,332
13-2-2014,331.480011
14-2-2014,333.320007
17-2-2014,null
18-2-2014,334.600006
19-2-2014,334.940002
20-2-2014,334.779999
21-2-2014,336.089996
24-2-2014,338.190002
25-2-2014,338.390015
26-2-2014,337.700012
27-2-2014,337.209991
28-2-2014,338.019989
3-3-2014,330.359985
4-3-2014,337.149994
5-3-2014,337.059998
6-3-2014,337.279999
7-3-2014,333.059998
10-3-2014,331.399994
11-3-2014,331.48999
12-3-2014,327.950012
13-3-2014,324.51001
14-3-2014,322.230011
17-3-2014,325.829987
18-3-2014,327.929993
19-3-2014,327.630005
20-3-2014,327.670013
21-3-2014,327.910004
24-3-2014,324.390015
25-3-2014,328.570007
26-3-2014,330.929993
27-3-2014,331.399994
28-3-2014,333.76001
31-3-2014,334.309998
1-4-2014,336.350006
2-4-2014,336.929993
3-4-2014,337.25
4-4-2014,339.179993
7-4-2014,334.959991
8-4-2014,333.890015
9-4-2014,335.160004
10-4-2014,333.410004
11-4-2014,328.769989
14-4-2014,329.790009
15-4-2014,326.579987
16-4-2014,330.820007
17-4-2014,332.429993
22-4-2014,337.029999
23-4-2014,335.049988
24-4-2014,336.130005
25-4-2014,333.5
28-4-2014,334.130005
29-4-2014,338.119995
30-4-2014,337.890015
2-5-2014,337.76001
5-5-2014,336.890015
6-5-2014,336.040009
7-5-2014,336.029999
8-5-2014,339.559998
9-5-2014,338.540009
12-5-2014,340.959991
13-5-2014,341.890015
14-5-2014,341.589996
15-5-2014,338.5
16-5-2014,338.98999
19-5-2014,338.51001
20-5-2014,338.320007
21-5-2014,340.339996
22-5-2014,341.019989
23-5-2014,341.76001
26-5-2014,343.690002
27-5-2014,344.470001
28-5-2014,344.290009
30-5-2014,344.23999
2-6-2014,345.079987
3-6-2014,343.480011
4-6-2014,343.559998
5-6-2014,344.98999
6-6-2014,347.299988
10-6-2014,349.709991
11-6-2014,347.73999
12-6-2014,347.829987
13-6-2014,347.070007
16-6-2014,345.519989
17-6-2014,346.420013
18-6-2014,346.130005
19-6-2014,348.149994
20-6-2014,348.089996
23-6-2014,346.309998
24-6-2014,345.570007
25-6-2014,341.940002
26-6-2014,341.859985
27-6-2014,341.970001
30-6-2014,341.859985
1-7-2014,344.890015
2-7-2014,345.679993
3-7-2014,348.910004
4-7-2014,347.950012
7-7-2014,344.799988
8-7-2014,339.98999
9-7-2014,339.959991
10-7-2014,336.369995
11-7-2014,336.910004
14-7-2014,339.790009
15-7-2014,338.420013
16-7-2014,342.970001
17-7-2014,339.73999
18-7-2014,339.660004
21-7-2014,337.950012
22-7-2014,342.440002
23-7-2014,342.859985
24-7-2014,344.329987
25-7-2014,341.950012
28-7-2014,341.339996
29-7-2014,342.269989
30-7-2014,340.440002
31-7-2014,335.98999
4-8-2014,331.149994
5-8-2014,332.100006
6-8-2014,329.190002
7-8-2014,326.959991
8-8-2014,324.910004
11-8-2014,329.359985
12-8-2014,328.73999
13-8-2014,330.019989
14-8-2014,331.040009
15-8-2014,329.720001
18-8-2014,333.600006
19-8-2014,335.48999
20-8-2014,335.299988
21-8-2014,337.51001
22-8-2014,336.75
25-8-2014,340.459991
26-8-2014,342.959991
27-8-2014,343.329987
28-8-2014,341.049988
29-8-2014,342
1-9-2014,342.859985
2-9-2014,342.75
3-9-2014,344.970001
4-9-2014,348.890015
5-9-2014,347.570007
8-9-2014,346.089996
9-9-2014,344.869995
10-9-2014,344.700012
11-9-2014,344.269989
12-9-2014,344.269989
15-9-2014,343.910004
16-9-2014,342.839996
17-9-2014,344.390015
18-9-2014,347.779999
19-9-2014,348.519989
22-9-2014,346.690002
23-9-2014,341.890015
24-9-2014,344.350006
25-9-2014,341.440002
26-9-2014,342.299988
29-9-2014,340.98999
30-9-2014,343.079987
1-10-2014,340.220001
2-10-2014,332.049988
3-10-2014,335.190002
6-10-2014,336
7-10-2014,330.850006
8-10-2014,328
9-10-2014,326.670013
10-10-2014,321.619995
13-10-2014,321.559998
14-10-2014,321.529999
15-10-2014,311.359985
16-10-2014,310.029999
17-10-2014,318.679993
20-10-2014,317.01001
21-10-2014,323.73999
22-10-2014,326.109985
23-10-2014,328.26001
24-10-2014,327.170013
27-10-2014,325.100006
28-10-2014,328.25
29-10-2014,328.779999
30-10-2014,330.709991
31-10-2014,336.799988
3-11-2014,334.25
4-11-2014,330.880005
5-11-2014,336.359985
6-11-2014,337.079987
7-11-2014,335.25
10-11-2014,337.709991
11-11-2014,338.929993
12-11-2014,335.089996
13-11-2014,335.859985
14-11-2014,335.630005
17-11-2014,337.25
18-11-2014,339.299988
19-11-2014,339.149994
20-11-2014,338.279999
21-11-2014,345.23999
24-11-2014,345.720001
25-11-2014,346.279999
26-11-2014,346.279999
27-11-2014,347.48999
28-11-2014,347.25
1-12-2014,345.640015
2-12-2014,347.369995
3-12-2014,349.339996
4-12-2014,344.839996
5-12-2014,350.970001
8-12-2014,348.609985
9-12-2014,340.480011
10-12-2014,339.320007
11-12-2014,339.309998
12-12-2014,330.540009
15-12-2014,323.290009
16-12-2014,328.880005
17-12-2014,329.339996
18-12-2014,339.049988
19-12-2014,340.299988
22-12-2014,341.970001
23-12-2014,344.059998
29-12-2014,null
30-12-2014,341.019989
5-1-2015,333.98999
6-1-2015,331.609985
7-1-2015,333.200012
8-1-2015,342.350006
9-1-2015,337.929993
12-1-2015,339.869995
13-1-2015,344.769989
14-1-2015,339.670013
15-1-2015,348.450012
16-1-2015,352.399994
19-1-2015,353.179993
20-1-2015,355.959991
21-1-2015,358.119995
22-1-2015,364.049988
23-1-2015,370.369995
26-1-2015,372.390015
27-1-2015,368.700012
28-1-2015,369.079987
29-1-2015,368.76001
30-1-2015,367.049988
2-2-2015,367.279999
3-2-2015,370.279999
4-2-2015,372.100006
5-2-2015,372.51001
6-2-2015,373.309998
9-2-2015,370.549988
10-2-2015,372.940002
11-2-2015,372.040009
12-2-2015,374.829987
13-2-2015,377.070007
16-2-2015,376.549988
17-2-2015,377.019989
18-2-2015,380.369995
19-2-2015,381.410004
20-2-2015,382.269989
23-2-2015,385.079987
24-2-2015,387.25
25-2-2015,386.76001
26-2-2015,390.690002
27-2-2015,392.209991
2-3-2015,391.290009
3-3-2015,387.679993
4-3-2015,390.609985
5-3-2015,393.779999
6-3-2015,394.179993
9-3-2015,393.190002
10-3-2015,389.660004
11-3-2015,395.480011
12-3-2015,395.359985
13-3-2015,396.609985
16-3-2015,400.179993
17-3-2015,397.329987
18-3-2015,398.649994
19-3-2015,400.829987
20-3-2015,404.01001
23-3-2015,401.23999
24-3-2015,402.48999
25-3-2015,397.950012
26-3-2015,394.540009
27-3-2015,395.540009
30-3-2015,399.839996
31-3-2015,397.299988
1-4-2015,398.519989
2-4-2015,397.799988
7-4-2015,404.339996
8-4-2015,404.660004
9-4-2015,409.149994
10-4-2015,412.929993
13-4-2015,413.630005
14-4-2015,411.700012
15-4-2015,414.059998
16-4-2015,410.929993
17-4-2015,403.690002
20-4-2015,406.869995
21-4-2015,409.119995
22-4-2015,408.98999
23-4-2015,407.179993
24-4-2015,408.420013
27-4-2015,412.420013
28-4-2015,406.279999
29-4-2015,397.299988
30-4-2015,395.790009
4-5-2015,396.820007
5-5-2015,391.01001
6-5-2015,388.679993
7-5-2015,388.980011
8-5-2015,400.160004
11-5-2015,401.339996
12-5-2015,396.089996
13-5-2015,395.459991
15-5-2015,396.450012
18-5-2015,398.089996
19-5-2015,404.779999
20-5-2015,406.420013
21-5-2015,407.869995
22-5-2015,407.73999
26-5-2015,403.609985
27-5-2015,408.880005
28-5-2015,406.829987
29-5-2015,399.869995
1-6-2015,400.570007
2-6-2015,396.450012
3-6-2015,395.929993
4-6-2015,392.649994
5-6-2015,389
8-6-2015,385.390015
9-6-2015,383.869995
10-6-2015,390.779999
11-6-2015,393
12-6-2015,389.380005
15-6-2015,383.019989
16-6-2015,385.48999
17-6-2015,383.73999
18-6-2015,384.220001
19-6-2015,385.589996
22-6-2015,394.25
23-6-2015,398.829987
24-6-2015,397.320007
25-6-2015,396.390015
26-6-2015,396.850006
29-6-2015,386.170013
30-6-2015,381.309998
1-7-2015,387.070007
2-7-2015,385.459991
3-7-2015,383.420013
6-7-2015,378.679993
7-7-2015,372.73999
8-7-2015,372.880005
9-7-2015,381.059998
10-7-2015,388.799988
13-7-2015,396.459991
14-7-2015,398.299988
15-7-2015,400.029999
16-7-2015,405.429993
17-7-2015,405.679993
20-7-2015,406.799988
21-7-2015,402.660004
22-7-2015,400.279999
23-7-2015,398.100006
24-7-2015,394.640015
27-7-2015,385.910004
28-7-2015,390.019989
29-7-2015,394.01001
30-7-2015,396.23999
31-7-2015,396.369995
3-8-2015,399.440002
4-8-2015,398.75
5-8-2015,403.929993
6-8-2015,400.700012
7-8-2015,397.070007
10-8-2015,399.820007
11-8-2015,393.609985
12-8-2015,382.98999
13-8-2015,386.690002
14-8-2015,386.23999
17-8-2015,387.26001
18-8-2015,388.130005
19-8-2015,381.309998
20-8-2015,373.440002
21-8-2015,361.279999
24-8-2015,342.01001
25-8-2015,356.359985
26-8-2015,350.140015
27-8-2015,362.269989
28-8-2015,363.279999
31-8-2015,362.790009
1-9-2015,352.890015
2-9-2015,353.859985
3-9-2015,362.23999
4-9-2015,353.109985
7-9-2015,354.809998
8-9-2015,359
9-9-2015,363.769989
10-9-2015,359.339996
11-9-2015,355.720001
14-9-2015,353.630005
15-9-2015,356.429993
16-9-2015,361.869995
17-9-2015,361.209991
18-9-2015,354.769989
21-9-2015,357.829987
22-9-2015,346.670013
23-9-2015,346.970001
24-9-2015,339.630005
25-9-2015,349.279999
28-9-2015,341.570007
29-9-2015,339.230011
30-9-2015,347.769989
1-10-2015,346.230011
2-10-2015,347.859985
5-10-2015,358.329987
6-10-2015,360.410004
7-10-2015,360.929993
8-10-2015,361.609985
9-10-2015,362.820007
12-10-2015,361.790009
13-10-2015,358.470001
14-10-2015,355.809998
15-10-2015,360.98999
16-10-2015,363.130005
19-10-2015,364.25
20-10-2015,362.670013
21-10-2015,362.640015
22-10-2015,369.98999
23-10-2015,377.359985
26-10-2015,375.890015
27-10-2015,371.880005
28-10-2015,375.829987
29-10-2015,375.700012
30-10-2015,375.470001
2-11-2015,376.75
3-11-2015,378.359985
4-11-2015,380.279999
5-11-2015,378.76001
6-11-2015,379.950012
9-11-2015,375.880005
10-11-2015,376.269989
11-11-2015,378.709991
12-11-2015,372.559998
13-11-2015,369.529999
16-11-2015,370.640015
17-11-2015,379.880005
18-11-2015,379.329987
19-11-2015,380.959991
20-11-2015,381.790009
23-11-2015,380.369995
24-11-2015,375.640015
25-11-2015,380.839996
26-11-2015,384.369995
27-11-2015,383.670013
30-11-2015,385.429993
1-12-2015,384.23999
2-12-2015,384.170013
3-12-2015,372.109985
4-12-2015,370.589996
7-12-2015,372.480011
8-12-2015,365.75
9-12-2015,364.190002
10-12-2015,363.209991
11-12-2015,355.790009
14-12-2015,349.540009
15-12-2015,359.579987
16-12-2015,360.429993
17-12-2015,364.899994
18-12-2015,361.230011
21-12-2015,357.149994
22-12-2015,356.869995
23-12-2015,366.390015
28-12-2015,364.48999
29-12-2015,369.679993
30-12-2015,367.700012
4-1-2016,356.660004
5-1-2016,358.880005
6-1-2016,354.350006
7-1-2016,346.51001
8-1-2016,341.350006
11-1-2016,340.230011
12-1-2016,343.220001
13-1-2016,344.630005
14-1-2016,339.420013
15-1-2016,329.839996
18-1-2016,328.640015
19-1-2016,332.929993
20-1-2016,322.290009
21-1-2016,328.51001
22-1-2016,338.359985
25-1-2016,336.269989
26-1-2016,339.200012
27-1-2016,340.23999
28-1-2016,334.890015
29-1-2016,342.269989
1-2-2016,341.609985
2-2-2016,334.589996
3-2-2016,329.429993
4-2-2016,328.76001
5-2-2016,325.899994
8-2-2016,314.359985
9-2-2016,309.390015
10-2-2016,315.190002
11-2-2016,303.579987
12-2-2016,312.410004
15-2-2016,321.76001
16-2-2016,320.369995
17-2-2016,328.769989
18-2-2016,328.910004
19-2-2016,326.369995
22-2-2016,331.820007
23-2-2016,327.779999
24-2-2016,320.230011
25-2-2016,326.540009
26-2-2016,331.540009
29-2-2016,333.920013
1-3-2016,338.720001
2-3-2016,340.970001
3-3-2016,339.420013
4-3-2016,341.799988
7-3-2016,340.929993
8-3-2016,337.480011
9-3-2016,339.140015
10-3-2016,333.5
11-3-2016,342.230011
14-3-2016,344.660004
15-3-2016,340.859985
16-3-2016,341
17-3-2016,340.679993
18-3-2016,341.709991
21-3-2016,340.820007
22-3-2016,340.299988
23-3-2016,340.070007
24-3-2016,335.100006
29-3-2016,336.790009
30-3-2016,341.179993
31-3-2016,337.540009
1-4-2016,333.149994
4-4-2016,334.48999
5-4-2016,328.149994
6-4-2016,330.649994
7-4-2016,328.100006
8-4-2016,331.859985
11-4-2016,332.869995
12-4-2016,334.640015
13-4-2016,343.059998
14-4-2016,343.98999
15-4-2016,342.790009
18-4-2016,344.200012
19-4-2016,349.23999
20-4-2016,350.75
21-4-2016,349.589996
22-4-2016,348.459991
25-4-2016,346.679993
26-4-2016,347.309998
27-4-2016,348.320007
28-4-2016,348.899994
29-4-2016,341.480011
2-5-2016,341.23999
3-5-2016,335.559998
4-5-2016,331.799988
6-5-2016,331.670013
9-5-2016,333.220001
10-5-2016,336.23999
11-5-2016,334.73999
12-5-2016,333.109985
13-5-2016,334.679993
17-5-2016,334.720001
18-5-2016,337.579987
19-5-2016,333.910004
20-5-2016,338.01001
23-5-2016,336.690002
24-5-2016,344.119995
25-5-2016,348.559998
26-5-2016,348.910004
27-5-2016,349.640015
30-5-2016,350.140015
31-5-2016,347.450012
1-6-2016,344.119995
2-6-2016,344.350006
3-6-2016,341.290009
6-6-2016,342.410004
7-6-2016,346.26001
8-6-2016,344.559998
9-6-2016,341.25
10-6-2016,332.920013
13-6-2016,326.799988
14-6-2016,320.529999
15-6-2016,323.630005
16-6-2016,321.290009
17-6-2016,325.779999
20-6-2016,337.670013
21-6-2016,340.040009
22-6-2016,341.320007
23-6-2016,346.339996
24-6-2016,321.980011
27-6-2016,308.75
28-6-2016,316.700012
29-6-2016,326.48999
30-6-2016,329.880005
1-7-2016,332.23999
4-7-2016,329.779999
5-7-2016,324.170013
6-7-2016,318.76001
7-7-2016,322.119995
8-7-2016,327.350006
11-7-2016,332.720001
12-7-2016,336.26001
13-7-2016,335.829987
14-7-2016,338.5
15-7-2016,337.920013
18-7-2016,338.700012
19-7-2016,337.320007
20-7-2016,340.809998
21-7-2016,340.579987
22-7-2016,340.329987
25-7-2016,340.929993
26-7-2016,341.26001
27-7-2016,342.73999
28-7-2016,339.470001
29-7-2016,341.890015
2-8-2016,335.470001
3-8-2016,335.579987
4-8-2016,337.839996
5-8-2016,341.380005
8-8-2016,341.529999
9-8-2016,344.670013
10-8-2016,343.980011
11-8-2016,346.660004
12-8-2016,346.089996
15-8-2016,346.049988
16-8-2016,343.320007
17-8-2016,340.470001
18-8-2016,342.910004
19-8-2016,340.140015
22-8-2016,340.429993
23-8-2016,343.600006
24-8-2016,344.929993
25-8-2016,342.019989
26-8-2016,343.720001
29-8-2016,343.200012
30-8-2016,344.75
31-8-2016,343.529999
1-9-2016,343.660004
2-9-2016,350.440002
5-9-2016,350.619995
6-9-2016,349.459991
7-9-2016,350.459991
8-9-2016,349.320007
9-9-2016,345.519989
12-9-2016,342.230011
13-9-2016,338.720001
14-9-2016,338.420013
15-9-2016,340.339996
16-9-2016,337.820007
19-9-2016,341.269989
20-9-2016,341
21-9-2016,342.459991
22-9-2016,347.859985
23-9-2016,345.339996
26-9-2016,340
27-9-2016,340.190002
28-9-2016,342.570007
29-9-2016,342.720001
30-9-2016,342.920013
3-10-2016,343.230011
4-10-2016,346.100006
5-10-2016,344.200012
6-10-2016,342.820007
7-10-2016,339.640015
10-10-2016,341.980011
11-10-2016,340.170013
12-10-2016,338.559998
13-10-2016,335.619995
14-10-2016,339.950012
17-10-2016,337.420013
18-10-2016,342.480011
19-10-2016,343.640015
20-10-2016,344.290009
21-10-2016,344.290009
24-10-2016,344.26001
25-10-2016,343.070007
26-10-2016,341.76001
27-10-2016,341.709991
28-10-2016,340.799988
31-10-2016,338.970001
1-11-2016,335.329987
2-11-2016,331.549988
3-11-2016,331.559998
4-11-2016,328.799988
7-11-2016,333.839996
8-11-2016,334.910004
9-11-2016,339.809998
10-11-2016,338.880005
11-11-2016,337.5
14-11-2016,338.230011
15-11-2016,339.160004
16-11-2016,338.470001
17-11-2016,340.600006
18-11-2016,339.390015
21-11-2016,340.230011
22-11-2016,341.019989
23-11-2016,340.769989
24-11-2016,341.839996
25-11-2016,342.450012
28-11-2016,339.829987
29-11-2016,340.950012
30-11-2016,341.98999
1-12-2016,340.859985
2-12-2016,339.359985
5-12-2016,341.269989
6-12-2016,344.570007
7-12-2016,347.700012
8-12-2016,351.959991
9-12-2016,355.380005
12-12-2016,353.73999
13-12-2016,357.5
14-12-2016,355.720001
15-12-2016,358.790009
16-12-2016,360.019989
19-12-2016,359.589996
20-12-2016,361.320007
21-12-2016,360.559998
22-12-2016,359.820007
23-12-2016,359.980011
27-12-2016,360.480011
28-12-2016,361.529999
29-12-2016,360.26001
30-12-2016,361.420013
3-1-2017,365.709991
4-1-2017,365.26001
5-1-2017,365.640015
6-1-2017,365.450012
9-1-2017,363.670013
10-1-2017,364.070007
11-1-2017,364.899994
12-1-2017,362.51001
13-1-2017,365.940002
16-1-2017,362.970001
17-1-2017,362.420013
18-1-2017,363.070007
19-1-2017,362.850006
20-1-2017,362.579987
23-1-2017,361.01001
24-1-2017,361.920013
25-1-2017,366.589996
26-1-2017,367.5
27-1-2017,366.380005
30-1-2017,362.549988
31-1-2017,360.119995
1-2-2017,363.200012
2-2-2017,361.950012
3-2-2017,364.070007
6-2-2017,361.600006
7-2-2017,362.73999
8-2-2017,363.940002
9-2-2017,366.790009
10-2-2017,367.390015
13-2-2017,370.130005
14-2-2017,370.200012
15-2-2017,371.470001
16-2-2017,370.100006
17-2-2017,370.220001
20-2-2017,371.040009
21-2-2017,373.399994
22-2-2017,373.380005
23-2-2017,372.850006
24-2-2017,370.01001
27-2-2017,369.519989
28-2-2017,370.23999
1-3-2017,375.690002
2-3-2017,375.609985
3-3-2017,375.230011
6-3-2017,373.269989
7-3-2017,372.269989
8-3-2017,372.579987
9-3-2017,372.890015
10-3-2017,373.230011
13-3-2017,374.640015
14-3-2017,373.459991
15-3-2017,375.100006
16-3-2017,377.730011
17-3-2017,378.320007
20-3-2017,377.679993
21-3-2017,375.670013
22-3-2017,374.029999
23-3-2017,377.200012
24-3-2017,376.51001
27-3-2017,375.01001
28-3-2017,377.299988
29-3-2017,378.529999
30-3-2017,380.459991
31-3-2017,381.140015
3-4-2017,379.290009
4-4-2017,380.029999
5-4-2017,380.089996
6-4-2017,380.769989
7-4-2017,381.26001
10-4-2017,381.25
11-4-2017,381.179993
12-4-2017,381.899994
13-4-2017,380.579987
18-4-2017,376.350006
19-4-2017,377.23999
20-4-2017,378.059998
21-4-2017,378.119995
24-4-2017,386.089996
25-4-2017,386.910004
26-4-2017,388.730011
27-4-2017,387.790009
28-4-2017,387.089996
2-5-2017,389.529999
3-5-2017,389.369995
4-5-2017,391.980011
5-5-2017,394.540009
8-5-2017,394.040009
9-5-2017,395.809998
10-5-2017,396.450012
11-5-2017,394.390015
12-5-2017,395.630005
15-5-2017,395.970001
16-5-2017,395.910004
17-5-2017,391.140015
18-5-2017,389.190002
19-5-2017,391.51001
22-5-2017,391.140015
23-5-2017,392.019989
24-5-2017,392.369995
26-5-2017,391.350006
29-5-2017,391.25
30-5-2017,390.5
31-5-2017,389.98999
1-6-2017,391.660004
2-6-2017,392.549988
6-6-2017,389.399994
7-6-2017,389.179993
8-6-2017,389.149994
9-6-2017,390.390015
12-6-2017,386.619995
13-6-2017,388.75
14-6-2017,387.579987
15-6-2017,386.049988
16-6-2017,388.600006
19-6-2017,391.940002
20-6-2017,389.209991
21-6-2017,388.5
22-6-2017,388.529999
23-6-2017,387.619995
26-6-2017,389.049988
27-6-2017,385.980011
28-6-2017,385.820007
29-6-2017,380.660004
30-6-2017,379.369995
3-7-2017,383.410004
4-7-2017,382.299988
5-7-2017,382.98999
6-7-2017,380.429993
7-7-2017,380.179993
10-7-2017,381.640015
11-7-2017,379.149994
12-7-2017,384.899994
13-7-2017,386.140015
14-7-2017,386.839996
17-7-2017,386.859985
18-7-2017,382.579987
19-7-2017,385.540009
20-7-2017,384.070007
21-7-2017,380.160004
24-7-2017,379.230011
25-7-2017,380.769989
26-7-2017,382.73999
27-7-2017,382.320007
28-7-2017,378.339996
31-7-2017,377.850006
2-8-2017,378.630005
3-8-2017,378.929993
4-8-2017,382.529999
7-8-2017,382.01001
8-8-2017,382.649994
9-8-2017,379.839996
10-8-2017,376.049988
11-8-2017,372.140015
14-8-2017,376.160004
15-8-2017,376.5
16-8-2017,379.089996
17-8-2017,376.869995
18-8-2017,374.200012
21-8-2017,372.720001
22-8-2017,375.799988
23-8-2017,373.920013
24-8-2017,374.51001
25-8-2017,374.070007
28-8-2017,372.290009
29-8-2017,368.420013
30-8-2017,371.01001
31-8-2017,373.880005
1-9-2017,376.140015
4-9-2017,374.179993
5-9-2017,373.709991
6-9-2017,373.950012
7-9-2017,374.950012
8-9-2017,375.51001
11-9-2017,379.429993
12-9-2017,381.420013
13-9-2017,381.339996
14-9-2017,381.790009
15-9-2017,380.709991
18-9-2017,381.950012
19-9-2017,382.119995
20-9-2017,381.980011
21-9-2017,382.880005
22-9-2017,383.220001
25-9-2017,383.899994
26-9-2017,384.029999
27-9-2017,385.619995
28-9-2017,386.359985
29-9-2017,388.160004
2-10-2017,390.130005
3-10-2017,390.720001
4-10-2017,390.399994
5-10-2017,391.029999
6-10-2017,389.470001
9-10-2017,390.209991
10-10-2017,390.160004
11-10-2017,390.149994
12-10-2017,390.279999
13-10-2017,391.420013
16-10-2017,391.410004
17-10-2017,390.440002
18-10-2017,391.559998
19-10-2017,389.109985
20-10-2017,390.130005
23-10-2017,390.73999
24-10-2017,389.329987
25-10-2017,387.130005
26-10-2017,391.269989
27-10-2017,393.429993
30-10-2017,393.910004
31-10-2017,395.220001
1-11-2017,396.769989
2-11-2017,394.940002
3-11-2017,396.059998
6-11-2017,396.589996
7-11-2017,394.649994
8-11-2017,394.450012
9-11-2017,390.070007
10-11-2017,388.690002
13-11-2017,386.130005
14-11-2017,383.859985
15-11-2017,381.959991
16-11-2017,384.929993
17-11-2017,383.799988
20-11-2017,386.390015
21-11-2017,388.100006
22-11-2017,387.059998
23-11-2017,387.119995
24-11-2017,386.630005
27-11-2017,384.869995
28-11-2017,387.019989
29-11-2017,387.959991
30-11-2017,386.690002
1-12-2017,383.970001
4-12-2017,387.470001
5-12-2017,386.73999
6-12-2017,386.320007
7-12-2017,386.410004
8-12-2017,389.25
11-12-2017,389.049988
12-12-2017,391.630005
13-12-2017,390.700012
14-12-2017,388.910004
15-12-2017,388.190002
18-12-2017,392.660004
19-12-2017,391.019989
20-12-2017,388.369995
21-12-2017,390.690002
22-12-2017,390.279999
27-12-2017,390.540009
28-12-2017,389.540009
29-12-2017,389.179993
3-1-2018,390.220001
4-1-2018,393.679993
5-1-2018,397.350006
8-1-2018,398.410004
9-1-2018,400.109985
10-1-2018,398.600006
11-1-2018,397.25
12-1-2018,398.48999
15-1-2018,397.829987
16-1-2018,398.350006
17-1-2018,397.970001
18-1-2018,398.730011
19-1-2018,400.880005
22-1-2018,402.109985
23-1-2018,402.809998
24-1-2018,400.790009
25-1-2018,398.559998
26-1-2018,400.570007
29-1-2018,399.799988
30-1-2018,396.119995
31-1-2018,395.459991
1-2-2018,393.48999
2-2-2018,388.070007
5-2-2018,382
6-2-2018,372.790009
7-2-2018,380.130005
8-2-2018,374.029999
9-2-2018,368.609985
12-2-2018,372.929993
13-2-2018,370.579987
14-2-2018,374.529999
15-2-2018,376.51001
16-2-2018,380.619995
19-2-2018,378.23999
20-2-2018,380.51001
21-2-2018,381.100006
22-2-2018,380.339996
23-2-2018,381.160004
26-2-2018,383.059998
27-2-2018,382.359985
28-2-2018,379.630005
1-3-2018,374.859985
2-3-2018,367.040009
5-3-2018,370.869995
6-3-2018,371.369995
7-3-2018,372.709991
8-3-2018,376.619995
9-3-2018,378.23999
12-3-2018,379.200012
13-3-2018,375.48999
14-3-2018,374.940002
15-3-2018,376.880005
16-3-2018,377.709991
19-3-2018,373.679993
20-3-2018,375.570007
21-3-2018,374.959991
22-3-2018,369.149994
23-3-2018,365.820007
26-3-2018,363.179993
27-3-2018,367.570007
28-3-2018,369.26001
29-3-2018,370.869995
3-4-2018,369.070007
4-4-2018,367.329987
5-4-2018,376.130005
6-4-2018,374.820007
9-4-2018,375.299988
10-4-2018,378.420013
11-4-2018,376.179993
12-4-2018,378.820007
13-4-2018,379.200012
16-4-2018,377.73999
17-4-2018,380.769989
18-4-2018,381.859985
19-4-2018,381.950012
20-4-2018,381.839996
23-4-2018,383.179993
24-4-2018,383.109985
25-4-2018,380.170013
26-4-2018,383.75
27-4-2018,384.640015
30-4-2018,385.320007
2-5-2018,387.440002
3-5-2018,384.619995
4-5-2018,387.029999
7-5-2018,389.51001
8-5-2018,390
9-5-2018,392.440002
11-5-2018,392.399994
14-5-2018,392.190002
15-5-2018,392.369995
16-5-2018,393.209991
17-5-2018,395.790009
18-5-2018,394.670013
22-5-2018,396.940002
23-5-2018,392.579987
24-5-2018,390.540009
25-5-2018,391.079987
28-5-2018,389.820007
29-5-2018,384.470001
30-5-2018,385.48999
31-5-2018,383.059998
1-6-2018,386.910004
4-6-2018,388.109985
5-6-2018,386.890015
6-6-2018,386.880005
7-6-2018,385.940002
8-6-2018,385.119995
11-6-2018,387.940002
12-6-2018,387.529999
13-6-2018,388.25
14-6-2018,393.040009
15-6-2018,389.130005
18-6-2018,385.910004
19-6-2018,383.209991
20-6-2018,384.290009
21-6-2018,380.850006
22-6-2018,385.01001
25-6-2018,377.170013
26-6-2018,377.25
27-6-2018,379.970001
28-6-2018,376.869995
29-6-2018,379.929993
2-7-2018,376.75
3-7-2018,379.809998
4-7-2018,380.049988
5-7-2018,381.589996
6-7-2018,382.359985
9-7-2018,384.589996
10-7-2018,386.25
11-7-2018,381.399994
12-7-2018,384.369995
13-7-2018,385.029999
16-7-2018,384.049988
17-7-2018,384.980011
18-7-2018,387.059998
19-7-2018,386.179993
20-7-2018,385.619995
23-7-2018,384.880005
24-7-2018,388.179993
25-7-2018,387.170013
26-7-2018,390.529999
27-7-2018,392.079987
30-7-2018,390.920013
31-7-2018,391.609985
2-8-2018,386.640015
3-8-2018,389.160004
6-8-2018,388.660004
7-8-2018,390.48999
8-8-2018,389.690002
9-8-2018,390.049988
10-8-2018,385.859985
13-8-2018,384.910004
14-8-2018,384.920013
15-8-2018,379.700012
16-8-2018,381.429993
17-8-2018,381.059998
20-8-2018,383.230011
21-8-2018,384.149994
22-8-2018,384.019989
23-8-2018,383.380005
24-8-2018,383.559998
27-8-2018,385.570007
28-8-2018,385.459991
29-8-2018,386.579987
30-8-2018,385.359985
31-8-2018,382.26001
3-9-2018,382.51001
4-9-2018,379.829987
5-9-2018,375.679993
6-9-2018,373.470001
7-9-2018,373.769989
10-9-2018,375.51001
11-9-2018,375.309998
12-9-2018,377.079987
13-9-2018,376.519989
14-9-2018,377.850006
17-9-2018,378.309998
18-9-2018,378.730011
19-9-2018,379.980011
20-9-2018,382.630005
21-9-2018,384.290009
24-9-2018,382.140015
25-9-2018,383.890015
26-9-2018,385.040009
27-9-2018,386.380005
28-9-2018,383.179993
1-10-2018,383.940002
2-10-2018,381.940002
3-10-2018,383.839996
4-10-2018,379.679993
5-10-2018,376.410004
8-10-2018,372.209991
9-10-2018,372.929993
10-10-2018,366.929993
11-10-2018,359.649994
12-10-2018,358.950012
15-10-2018,359.309998
16-10-2018,364.98999
17-10-2018,363.540009
18-10-2018,361.670013
19-10-2018,361.23999
22-10-2018,359.73999
23-10-2018,354.059998
24-10-2018,353.269989
25-10-2018,355.070007
26-10-2018,352.339996
29-10-2018,355.51001
30-10-2018,355.529999
31-10-2018,361.609985
1-11-2018,363.079987
2-11-2018,364.079987
5-11-2018,363.5
6-11-2018,362.549988
7-11-2018,366.390015
8-11-2018,367.079987
9-11-2018,365.73999
12-11-2018,362.029999
13-11-2018,364.440002
14-11-2018,362.269989
15-11-2018,358.429993
16-11-2018,357.709991
19-11-2018,355.109985
20-11-2018,351.059998
21-11-2018,355.070007
22-11-2018,352.570007
23-11-2018,353.980011
26-11-2018,358.329987
27-11-2018,357.399994
28-11-2018,357.390015
29-11-2018,358.100006
30-11-2018,357.48999
3-12-2018,361.179993
4-12-2018,358.429993
5-12-2018,354.269989
6-12-2018,343.309998
7-12-2018,345.450012
10-12-2018,338.98999
11-12-2018,344.179993
12-12-2018,350
13-12-2018,349.420013
14-12-2018,347.209991
17-12-2018,343.26001
18-12-2018,340.459991
19-12-2018,341.519989
20-12-2018,336.579987
21-12-2018,336.670013
27-12-2018,329.579987
28-12-2018,336.230011
3-1-2019,333.920013
4-1-2019,343.380005
7-1-2019,342.880005
8-1-2019,345.850006
9-1-2019,347.700012
10-1-2019,348.880005
11-1-2019,349.200012
14-1-2019,347.51001
15-1-2019,348.709991
16-1-2019,350.589996
17-1-2019,350.730011
18-1-2019,357.049988
21-1-2019,356.359985
22-1-2019,355.089996
23-1-2019,354.890015
24-1-2019,355.670013
25-1-2019,357.839996
28-1-2019,354.380005
29-1-2019,357.230011
30-1-2019,358.51001
31-1-2019,358.670013
1-2-2019,359.709991
4-2-2019,359.920013
5-2-2019,364.98999
6-2-2019,365.519989
7-2-2019,360.079987
8-2-2019,358.070007
11-2-2019,361.119995
12-2-2019,362.779999
13-2-2019,364.970001
14-2-2019,363.799988
15-2-2019,368.940002
18-2-2019,369.779999
19-2-2019,368.970001
20-2-2019,371.459991
21-2-2019,370.410004
22-2-2019,371.230011
25-2-2019,372.179993
26-2-2019,373.640015
27-2-2019,372.579987
28-2-2019,372.799988
1-3-2019,374.23999
4-3-2019,375.089996
5-3-2019,375.640015
6-3-2019,375.480011
7-3-2019,373.880005
8-3-2019,370.570007
11-3-2019,373.470001
12-3-2019,373.25
13-3-2019,375.600006
14-3-2019,378.519989
15-3-2019,381.100006
18-3-2019,382.109985
19-3-2019,384.290009
20-3-2019,380.839996
21-3-2019,380.690002
22-3-2019,376.029999
25-3-2019,374.329987
26-3-2019,377.200012
27-3-2019,377.279999
28-3-2019,376.839996
29-3-2019,379.089996
1-4-2019,383.670013
2-4-2019,385.029999
3-4-2019,388.920013
4-4-2019,387.869995
5-4-2019,388.230011
8-4-2019,387.51001
9-4-2019,385.679993
10-4-2019,386.679993
11-4-2019,386.910004
12-4-2019,387.529999
15-4-2019,388.100006
16-4-2019,389.209991
17-4-2019,389.589996
18-4-2019,390.459991
23-4-2019,391.350006
24-4-2019,390.980011
25-4-2019,390.149994
26-4-2019,391.01001
29-4-2019,391.320007
30-4-2019,391.350006
2-5-2019,388.839996
3-5-2019,390.369995
6-5-2019,386.950012
7-5-2019,381.640015
8-5-2019,382.230011
9-5-2019,375.920013
10-5-2019,377.140015
13-5-2019,372.570007
14-5-2019,376.339996
15-5-2019,378.059998
16-5-2019,382.880005
17-5-2019,381.51001
20-5-2019,377.459991
21-5-2019,379.5
22-5-2019,379.190002
23-5-2019,373.790009
24-5-2019,375.890015
27-5-2019,376.709991
28-5-2019,375.899994
29-5-2019,370.51001
31-5-2019,369.059998
3-6-2019,370.48999
4-6-2019,372.670013
5-6-2019,374.079987
6-6-2019,374.01001
7-6-2019,377.480011
11-6-2019,380.890015
12-6-2019,379.73999
13-6-2019,380.329987
14-6-2019,378.809998
17-6-2019,378.459991
18-6-2019,384.779999
19-6-2019,384.769989
20-6-2019,386.160004
21-6-2019,384.76001
24-6-2019,383.790009
25-6-2019,383.399994
26-6-2019,382.200012
27-6-2019,382.209991
28-6-2019,384.869995
1-7-2019,387.869995
2-7-2019,389.290009
3-7-2019,392.579987
4-7-2019,392.940002
5-7-2019,390.109985
8-7-2019,389.899994
9-7-2019,387.920013
10-7-2019,387.149994
11-7-2019,386.700012
12-7-2019,386.850006
15-7-2019,387.75
16-7-2019,389.100006
17-7-2019,387.660004
18-7-2019,386.799988
19-7-2019,387.25
22-7-2019,387.73999
23-7-2019,391.540009
24-7-2019,391.730011
25-7-2019,389.519989
26-7-2019,390.730011
29-7-2019,390.850006
30-7-2019,385.109985
31-7-2019,385.769989
2-8-2019,378.149994
5-8-2019,369.429993
6-8-2019,367.709991
7-8-2019,368.600006
8-8-2019,374.709991
9-8-2019,371.559998
12-8-2019,370.410004
13-8-2019,372.399994
14-8-2019,366.160004
15-8-2019,365.089996
16-8-2019,369.630005
19-8-2019,373.859985
20-8-2019,371.299988
21-8-2019,375.799988
22-8-2019,374.290009
23-8-2019,371.359985
26-8-2019,371.279999
27-8-2019,373.619995
28-8-2019,372.859985
29-8-2019,376.73999
30-8-2019,379.480011
2-9-2019,380.690002
3-9-2019,379.809998
4-9-2019,383.179993
5-9-2019,385.920013
6-9-2019,387.140015
9-9-2019,386.059998
10-9-2019,386.440002
11-9-2019,389.709991
12-9-2019,390.480011
13-9-2019,391.790009
16-9-2019,389.529999
17-9-2019,389.329987
18-9-2019,389.410004
19-9-2019,391.799988
20-9-2019,392.950012
23-9-2019,389.799988
24-9-2019,389.839996
25-9-2019,387.589996
26-9-2019,389.950012
27-9-2019,391.790009
30-9-2019,393.149994
1-10-2019,387.98999
2-10-2019,377.519989
3-10-2019,377.459991
4-10-2019,380.220001
7-10-2019,382.910004
8-10-2019,378.709991
9-10-2019,380.299988
10-10-2019,382.76001
11-10-2019,391.609985
14-10-2019,389.690002
15-10-2019,394.019989
16-10-2019,393.459991
17-10-2019,393.079987
18-10-2019,391.839996
21-10-2019,394.220001
22-10-2019,394.589996
23-10-2019,395.029999
24-10-2019,397.369995
25-10-2019,398.01001
28-10-2019,398.98999
29-10-2019,398.369995
30-10-2019,398.700012
31-10-2019,396.75
1-11-2019,399.429993
4-11-2019,403.410004
5-11-2019,404.230011
6-11-2019,405.070007
7-11-2019,406.559998
8-11-2019,405.420013
11-11-2019,405.339996
12-11-2019,406.899994
13-11-2019,405.859985
14-11-2019,404.410004
15-11-2019,406.040009
18-11-2019,405.98999
19-11-2019,405.5
20-11-2019,403.820007
21-11-2019,402.220001
22-11-2019,403.980011
25-11-2019,408.089996
26-11-2019,408.48999
27-11-2019,409.809998
28-11-2019,409.25
29-11-2019,407.429993
2-12-2019,401.01001
3-12-2019,398.480011
4-12-2019,403.190002
5-12-2019,402.660004
6-12-2019,407.350006
9-12-2019,406.390015
10-12-2019,405.339996
11-12-2019,406.220001
12-12-2019,407.579987
13-12-2019,412.019989
16-12-2019,417.75
17-12-2019,414.920013
18-12-2019,414.380005
19-12-2019,415.070007
20-12-2019,418.399994
23-12-2019,418.269989
27-12-2019,419.73999
30-12-2019,416.170013
3-1-2020,418.329987
6-1-2020,416.630005
7-1-2020,417.670013
8-1-2020,418.359985
9-1-2020,419.640015
10-1-2020,419.140015
13-1-2020,418.390015
14-1-2020,419.589996
15-1-2020,419.630005
16-1-2020,420.540009
17-1-2020,424.559998
20-1-2020,423.980011
21-1-2020,423.380005
22-1-2020,423.040009
23-1-2020,420.029999
24-1-2020,423.640015
27-1-2020,414.070007
28-1-2020,417.559998
29-1-2020,419.410004
30-1-2020,415.160004
31-1-2020,410.709991
3-2-2020,411.720001
4-2-2020,418.470001
5-2-2020,423.619995
6-2-2020,425.48999
7-2-2020,424.359985
10-2-2020,424.640015
11-2-2020,428.480011
12-2-2020,431.160004
13-2-2020,431.079987
14-2-2020,430.519989
17-2-2020,431.980011
18-2-2020,430.329987
19-2-2020,433.899994
20-2-2020,430.190002
21-2-2020,428.070007
24-2-2020,411.859985
25-2-2020,404.600006
26-2-2020,404.619995
27-2-2020,389.450012
28-2-2020,375.649994
2-3-2020,375.970001
3-3-2020,381.130005
4-3-2020,386.299988
5-3-2020,380.76001
6-3-2020,366.799988
9-3-2020,339.5
10-3-2020,335.640015
11-3-2020,333.170013
12-3-2020,294.929993
13-3-2020,299.160004
16-3-2020,284.630005
17-3-2020,291.070007
18-3-2020,279.660004
19-3-2020,287.799988
20-3-2020,293.040009
23-3-2020,280.429993
24-3-2020,304
25-3-2020,313.380005
26-3-2020,321.380005
27-3-2020,310.899994
30-3-2020,314.880005
31-3-2020,320.059998
1-4-2020,310.769989
2-4-2020,312.079987
3-4-2020,309.059998
6-4-2020,320.579987
7-4-2020,326.609985
8-4-2020,326.670013
9-4-2020,331.799988
14-4-2020,333.910004
15-4-2020,323.059998
16-4-2020,324.920013
17-4-2020,333.470001
20-4-2020,335.700012
21-4-2020,324.309998
22-4-2020,330.140015
23-4-2020,333.23999
24-4-2020,329.589996
27-4-2020,335.440002
28-4-2020,341.089996
29-4-2020,347.059998
30-4-2020,340.029999
4-5-2020,328.440002
5-5-2020,335.5
6-5-2020,334.339996
7-5-2020,337.980011
8-5-2020,341.049988
11-5-2020,339.700012
12-5-2020,340.570007
13-5-2020,333.970001
14-5-2020,326.709991
15-5-2020,328.23999
18-5-2020,341.589996
19-5-2020,339.48999
20-5-2020,342.820007
22-5-2020,340.170013
25-5-2020,345.179993
26-5-2020,348.920013
27-5-2020,349.75
28-5-2020,355.470001
29-5-2020,350.359985
2-6-2020,359.769989
3-6-2020,368.920013
4-6-2020,366.25
5-6-2020,375.320007
8-6-2020,374.119995
9-6-2020,369.540009
10-6-2020,368.149994
11-6-2020,353.070007
12-6-2020,354.059998
15-6-2020,353.089996
16-6-2020,363.329987
17-6-2020,366.019989
18-6-2020,363.410004
19-6-2020,365.459991
22-6-2020,362.700012
23-6-2020,367.399994
24-6-2020,357.170013
25-6-2020,359.73999
26-6-2020,358.320007
29-6-2020,359.890015
30-6-2020,360.339996
1-7-2020,361.190002
2-7-2020,368.290009
3-7-2020,365.429993
6-7-2020,371.209991
7-7-2020,368.959991
8-7-2020,366.480011
9-7-2020,363.640015
10-7-2020,366.829987
13-7-2020,370.5
14-7-2020,367.399994
15-7-2020,373.869995
16-7-2020,372.130005
17-7-2020,372.709991
20-7-2020,375.51001
21-7-2020,376.700012
22-7-2020,373.440002
23-7-2020,373.649994
24-7-2020,367.290009
27-7-2020,366.149994
28-7-2020,367.679993
29-7-2020,367.450012
30-7-2020,359.519989
31-7-2020,356.329987
3-8-2020,363.640015
4-8-2020,363.390015
5-8-2020,365.160004
6-8-2020,362.48999
7-8-2020,363.549988
10-8-2020,364.649994
11-8-2020,370.76001
12-8-2020,374.880005
13-8-2020,372.529999
14-8-2020,368.070007
17-8-2020,369.26001
18-8-2020,367.179993
19-8-2020,369.579987
20-8-2020,365.640015
21-8-2020,365.089996
24-8-2020,370.850006
25-8-2020,369.75
26-8-2020,373.119995
27-8-2020,370.720001
28-8-2020,368.799988
31-8-2020,366.51001
1-9-2020,365.230011
2-9-2020,371.279999
3-9-2020,366.079987
4-9-2020,361.929993
7-9-2020,367.970001
8-9-2020,363.75
9-9-2020,369.649994
10-9-2020,367.480011
11-9-2020,367.959991
14-9-2020,368.51001
15-9-2020,370.959991
16-9-2020,373.130005
17-9-2020,371.230011
18-9-2020,368.779999
21-9-2020,356.820007
22-9-2020,357.549988
23-9-2020,359.529999
24-9-2020,355.850006
25-9-2020,355.51001
28-9-2020,363.390015
29-9-2020,361.48999
30-9-2020,361.089996
1-10-2020,361.799988
2-10-2020,362.690002
5-10-2020,365.630005
6-10-2020,365.880005
7-10-2020,365.450012
8-10-2020,368.309998
9-10-2020,370.350006
12-10-2020,373
13-10-2020,370.959991
14-10-2020,370.619995
15-10-2020,362.910004
16-10-2020,367.480011
19-10-2020,366.809998
20-10-2020,365.51001
21-10-2020,360.790009
22-10-2020,360.269989
23-10-2020,362.5
26-10-2020,355.950012
27-10-2020,352.579987
28-10-2020,342.170013
29-10-2020,341.76001
30-10-2020,342.359985
2-11-2020,347.859985
3-11-2020,356.01001
4-11-2020,363.309998
5-11-2020,367.119995
6-11-2020,366.399994
9-11-2020,380.98999
10-11-2020,384.420013
11-11-2020,388.559998
12-11-2020,385.160004
13-11-2020,385.179993
16-11-2020,389.73999
17-11-2020,388.820007
18-11-2020,390.540009
19-11-2020,387.600006
20-11-2020,389.609985
23-11-2020,388.839996
24-11-2020,392.390015
25-11-2020,392.089996
26-11-2020,391.630005
27-11-2020,393.230011
30-11-2020,389.359985
1-12-2020,391.899994
2-12-2020,391.690002
3-12-2020,391.720001
4-12-2020,394.040009
7-12-2020,392.839996
8-12-2020,393.640015
9-12-2020,394.899994
10-12-2020,393.149994
11-12-2020,390.119995
14-12-2020,391.850006
15-12-2020,392.839996
16-12-2020,396.079987
17-12-2020,397.279999
18-12-2020,395.899994
21-12-2020,386.690002
22-12-2020,391.25
23-12-2020,395.48999
28-12-2020,398.579987
29-12-2020,401.609985
30-12-2020,400.25
4-1-2021,401.690002
5-1-2021,400.940002
6-1-2021,406.410004
7-1-2021,408.48999
8-1-2021,411.170013
11-1-2021,408.410004
12-1-2021,408.609985
13-1-2021,409.070007
14-1-2021,412
15-1-2021,407.850006
18-1-2021,408.679993
19-1-2021,407.920013
20-1-2021,410.839996
21-1-2021,410.890015
22-1-2021,408.540009
25-1-2021,405.130005
26-1-2021,407.700012
27-1-2021,402.980011
28-1-2021,403.390015
29-1-2021,395.850006
1-2-2021,400.769989
2-2-2021,405.920013
3-2-2021,407.269989
4-2-2021,409.540009
5-2-2021,409.540009
8-2-2021,410.779999
9-2-2021,410.420013
10-2-2021,409.470001
11-2-2021,411.350006
12-2-2021,414
15-2-2021,419.470001
16-2-2021,419.200012
17-2-2021,416.100006
18-2-2021,412.700012
19-2-2021,414.880005
22-2-2021,413.059998
23-2-2021,411.320007
24-2-2021,413.209991
25-2-2021,411.730011
26-2-2021,404.98999
1-3-2021,412.440002
2-3-2021,413.230011
3-3-2021,413.420013
4-3-2021,411.910004
5-3-2021,408.679993
8-3-2021,417.25
9-3-2021,420.410004
10-3-2021,422.109985
11-3-2021,424.170013
12-3-2021,423.079987
15-3-2021,423.079987
16-3-2021,426.820007
17-3-2021,424.910004
18-3-2021,426.589996
19-3-2021,423.350006
22-3-2021,424.170013
23-3-2021,423.309998
24-3-2021,423.390015
25-3-2021,423.079987
26-3-2021,426.929993
29-3-2021,427.609985
30-3-2021,430.649994
31-3-2021,429.600006
